{
    "name": "Global Information",
    "numberOfRequests": {
        "total": 210,
        "ok": 210,
        "ko": 0
    },
    "minResponseTime": {
        "total": 37,
        "ok": 37,
        "ko": 0
    },
    "maxResponseTime": {
        "total": 3901,
        "ok": 3901,
        "ko": 0
    },
    "meanResponseTime": {
        "total": 350,
        "ok": 350,
        "ko": 0
    },
    "standardDeviation": {
        "total": 531,
        "ok": 531,
        "ko": 0
    },
    "percentiles1": {
        "total": 218,
        "ok": 218,
        "ko": 0
    },
    "percentiles2": {
        "total": 353,
        "ok": 353,
        "ko": 0
    },
    "percentiles3": {
        "total": 1235,
        "ok": 1235,
        "ko": 0
    },
    "percentiles4": {
        "total": 3344,
        "ok": 3344,
        "ko": 0
    },
    "group1": {
    "name": "t < 800 ms",
    "count": 196,
    "percentage": 93
},
    "group2": {
    "name": "800 ms < t < 1200 ms",
    "count": 3,
    "percentage": 1
},
    "group3": {
    "name": "t > 1200 ms",
    "count": 11,
    "percentage": 5
},
    "group4": {
    "name": "failed",
    "count": 0,
    "percentage": 0
},
    "meanNumberOfRequestsPerSecond": {
        "total": 11.052631578947368,
        "ok": 11.052631578947368,
        "ko": 0
    }
}