{
  "type": "GROUP",
"name": "Global Information",
"path": "",
"pathFormatted": "group_missing-name-b06d1",
"stats": {
    "name": "Global Information",
    "numberOfRequests": {
        "total": 210,
        "ok": 210,
        "ko": 0
    },
    "minResponseTime": {
        "total": 37,
        "ok": 37,
        "ko": 0
    },
    "maxResponseTime": {
        "total": 3901,
        "ok": 3901,
        "ko": 0
    },
    "meanResponseTime": {
        "total": 350,
        "ok": 350,
        "ko": 0
    },
    "standardDeviation": {
        "total": 531,
        "ok": 531,
        "ko": 0
    },
    "percentiles1": {
        "total": 218,
        "ok": 218,
        "ko": 0
    },
    "percentiles2": {
        "total": 353,
        "ok": 353,
        "ko": 0
    },
    "percentiles3": {
        "total": 1235,
        "ok": 1235,
        "ko": 0
    },
    "percentiles4": {
        "total": 3344,
        "ok": 3344,
        "ko": 0
    },
    "group1": {
    "name": "t < 800 ms",
    "count": 196,
    "percentage": 93
},
    "group2": {
    "name": "800 ms < t < 1200 ms",
    "count": 3,
    "percentage": 1
},
    "group3": {
    "name": "t > 1200 ms",
    "count": 11,
    "percentage": 5
},
    "group4": {
    "name": "failed",
    "count": 0,
    "percentage": 0
},
    "meanNumberOfRequestsPerSecond": {
        "total": 11.052631578947368,
        "ok": 11.052631578947368,
        "ko": 0
    }
},
"contents": {
"req_request-0-684d2": {
        "type": "REQUEST",
        "name": "request_0",
"path": "request_0",
"pathFormatted": "req_request-0-684d2",
"stats": {
    "name": "request_0",
    "numberOfRequests": {
        "total": 10,
        "ok": 10,
        "ko": 0
    },
    "minResponseTime": {
        "total": 254,
        "ok": 254,
        "ko": 0
    },
    "maxResponseTime": {
        "total": 320,
        "ok": 320,
        "ko": 0
    },
    "meanResponseTime": {
        "total": 291,
        "ok": 291,
        "ko": 0
    },
    "standardDeviation": {
        "total": 21,
        "ok": 21,
        "ko": 0
    },
    "percentiles1": {
        "total": 292,
        "ok": 292,
        "ko": 0
    },
    "percentiles2": {
        "total": 310,
        "ok": 310,
        "ko": 0
    },
    "percentiles3": {
        "total": 318,
        "ok": 318,
        "ko": 0
    },
    "percentiles4": {
        "total": 320,
        "ok": 320,
        "ko": 0
    },
    "group1": {
    "name": "t < 800 ms",
    "count": 10,
    "percentage": 100
},
    "group2": {
    "name": "800 ms < t < 1200 ms",
    "count": 0,
    "percentage": 0
},
    "group3": {
    "name": "t > 1200 ms",
    "count": 0,
    "percentage": 0
},
    "group4": {
    "name": "failed",
    "count": 0,
    "percentage": 0
},
    "meanNumberOfRequestsPerSecond": {
        "total": 0.5263157894736842,
        "ok": 0.5263157894736842,
        "ko": 0
    }
}
    },"req_request-0-redir-e6ac5": {
        "type": "REQUEST",
        "name": "request_0 Redirect 1",
"path": "request_0 Redirect 1",
"pathFormatted": "req_request-0-redir-e6ac5",
"stats": {
    "name": "request_0 Redirect 1",
    "numberOfRequests": {
        "total": 10,
        "ok": 10,
        "ko": 0
    },
    "minResponseTime": {
        "total": 134,
        "ok": 134,
        "ko": 0
    },
    "maxResponseTime": {
        "total": 3361,
        "ok": 3361,
        "ko": 0
    },
    "meanResponseTime": {
        "total": 1228,
        "ok": 1228,
        "ko": 0
    },
    "standardDeviation": {
        "total": 1115,
        "ok": 1115,
        "ko": 0
    },
    "percentiles1": {
        "total": 1145,
        "ok": 1145,
        "ko": 0
    },
    "percentiles2": {
        "total": 1334,
        "ok": 1334,
        "ko": 0
    },
    "percentiles3": {
        "total": 3276,
        "ok": 3276,
        "ko": 0
    },
    "percentiles4": {
        "total": 3344,
        "ok": 3344,
        "ko": 0
    },
    "group1": {
    "name": "t < 800 ms",
    "count": 4,
    "percentage": 40
},
    "group2": {
    "name": "800 ms < t < 1200 ms",
    "count": 3,
    "percentage": 30
},
    "group3": {
    "name": "t > 1200 ms",
    "count": 3,
    "percentage": 30
},
    "group4": {
    "name": "failed",
    "count": 0,
    "percentage": 0
},
    "meanNumberOfRequestsPerSecond": {
        "total": 0.5263157894736842,
        "ok": 0.5263157894736842,
        "ko": 0
    }
}
    },"req_bootstrap-min-c-5b8a7": {
        "type": "REQUEST",
        "name": "bootstrap.min.css",
"path": "bootstrap.min.css",
"pathFormatted": "req_bootstrap-min-c-5b8a7",
"stats": {
    "name": "bootstrap.min.css",
    "numberOfRequests": {
        "total": 20,
        "ok": 20,
        "ko": 0
    },
    "minResponseTime": {
        "total": 41,
        "ok": 41,
        "ko": 0
    },
    "maxResponseTime": {
        "total": 310,
        "ok": 310,
        "ko": 0
    },
    "meanResponseTime": {
        "total": 125,
        "ok": 125,
        "ko": 0
    },
    "standardDeviation": {
        "total": 84,
        "ok": 84,
        "ko": 0
    },
    "percentiles1": {
        "total": 101,
        "ok": 101,
        "ko": 0
    },
    "percentiles2": {
        "total": 185,
        "ok": 185,
        "ko": 0
    },
    "percentiles3": {
        "total": 282,
        "ok": 282,
        "ko": 0
    },
    "percentiles4": {
        "total": 304,
        "ok": 304,
        "ko": 0
    },
    "group1": {
    "name": "t < 800 ms",
    "count": 20,
    "percentage": 100
},
    "group2": {
    "name": "800 ms < t < 1200 ms",
    "count": 0,
    "percentage": 0
},
    "group3": {
    "name": "t > 1200 ms",
    "count": 0,
    "percentage": 0
},
    "group4": {
    "name": "failed",
    "count": 0,
    "percentage": 0
},
    "meanNumberOfRequestsPerSecond": {
        "total": 1.0526315789473684,
        "ok": 1.0526315789473684,
        "ko": 0
    }
}
    },"req_solid-auth-clie-301ec": {
        "type": "REQUEST",
        "name": "solid-auth-client.bundle.js",
"path": "solid-auth-client.bundle.js",
"pathFormatted": "req_solid-auth-clie-301ec",
"stats": {
    "name": "solid-auth-client.bundle.js",
    "numberOfRequests": {
        "total": 10,
        "ok": 10,
        "ko": 0
    },
    "minResponseTime": {
        "total": 286,
        "ok": 286,
        "ko": 0
    },
    "maxResponseTime": {
        "total": 418,
        "ok": 418,
        "ko": 0
    },
    "meanResponseTime": {
        "total": 349,
        "ok": 349,
        "ko": 0
    },
    "standardDeviation": {
        "total": 40,
        "ok": 40,
        "ko": 0
    },
    "percentiles1": {
        "total": 342,
        "ok": 342,
        "ko": 0
    },
    "percentiles2": {
        "total": 357,
        "ok": 357,
        "ko": 0
    },
    "percentiles3": {
        "total": 418,
        "ok": 418,
        "ko": 0
    },
    "percentiles4": {
        "total": 418,
        "ok": 418,
        "ko": 0
    },
    "group1": {
    "name": "t < 800 ms",
    "count": 10,
    "percentage": 100
},
    "group2": {
    "name": "800 ms < t < 1200 ms",
    "count": 0,
    "percentage": 0
},
    "group3": {
    "name": "t > 1200 ms",
    "count": 0,
    "percentage": 0
},
    "group4": {
    "name": "failed",
    "count": 0,
    "percentage": 0
},
    "meanNumberOfRequestsPerSecond": {
        "total": 0.5263157894736842,
        "ok": 0.5263157894736842,
        "ko": 0
    }
}
    },"req_solid-css-8f91a": {
        "type": "REQUEST",
        "name": "solid.css",
"path": "solid.css",
"pathFormatted": "req_solid-css-8f91a",
"stats": {
    "name": "solid.css",
    "numberOfRequests": {
        "total": 20,
        "ok": 20,
        "ko": 0
    },
    "minResponseTime": {
        "total": 37,
        "ok": 37,
        "ko": 0
    },
    "maxResponseTime": {
        "total": 300,
        "ok": 300,
        "ko": 0
    },
    "meanResponseTime": {
        "total": 126,
        "ok": 126,
        "ko": 0
    },
    "standardDeviation": {
        "total": 91,
        "ok": 91,
        "ko": 0
    },
    "percentiles1": {
        "total": 101,
        "ok": 101,
        "ko": 0
    },
    "percentiles2": {
        "total": 200,
        "ok": 200,
        "ko": 0
    },
    "percentiles3": {
        "total": 266,
        "ok": 266,
        "ko": 0
    },
    "percentiles4": {
        "total": 293,
        "ok": 293,
        "ko": 0
    },
    "group1": {
    "name": "t < 800 ms",
    "count": 20,
    "percentage": 100
},
    "group2": {
    "name": "800 ms < t < 1200 ms",
    "count": 0,
    "percentage": 0
},
    "group3": {
    "name": "t > 1200 ms",
    "count": 0,
    "percentage": 0
},
    "group4": {
    "name": "failed",
    "count": 0,
    "percentage": 0
},
    "meanNumberOfRequestsPerSecond": {
        "total": 1.0526315789473684,
        "ok": 1.0526315789473684,
        "ko": 0
    }
}
    },"req_auth-buttons-js-47a35": {
        "type": "REQUEST",
        "name": "auth-buttons.js",
"path": "auth-buttons.js",
"pathFormatted": "req_auth-buttons-js-47a35",
"stats": {
    "name": "auth-buttons.js",
    "numberOfRequests": {
        "total": 10,
        "ok": 10,
        "ko": 0
    },
    "minResponseTime": {
        "total": 172,
        "ok": 172,
        "ko": 0
    },
    "maxResponseTime": {
        "total": 335,
        "ok": 335,
        "ko": 0
    },
    "meanResponseTime": {
        "total": 215,
        "ok": 215,
        "ko": 0
    },
    "standardDeviation": {
        "total": 47,
        "ok": 47,
        "ko": 0
    },
    "percentiles1": {
        "total": 196,
        "ok": 196,
        "ko": 0
    },
    "percentiles2": {
        "total": 228,
        "ok": 228,
        "ko": 0
    },
    "percentiles3": {
        "total": 295,
        "ok": 295,
        "ko": 0
    },
    "percentiles4": {
        "total": 327,
        "ok": 327,
        "ko": 0
    },
    "group1": {
    "name": "t < 800 ms",
    "count": 10,
    "percentage": 100
},
    "group2": {
    "name": "800 ms < t < 1200 ms",
    "count": 0,
    "percentage": 0
},
    "group3": {
    "name": "t > 1200 ms",
    "count": 0,
    "percentage": 0
},
    "group4": {
    "name": "failed",
    "count": 0,
    "percentage": 0
},
    "meanNumberOfRequestsPerSecond": {
        "total": 0.5263157894736842,
        "ok": 0.5263157894736842,
        "ko": 0
    }
}
    },"req_request-1-46da4": {
        "type": "REQUEST",
        "name": "request_1",
"path": "request_1",
"pathFormatted": "req_request-1-46da4",
"stats": {
    "name": "request_1",
    "numberOfRequests": {
        "total": 10,
        "ok": 10,
        "ko": 0
    },
    "minResponseTime": {
        "total": 147,
        "ok": 147,
        "ko": 0
    },
    "maxResponseTime": {
        "total": 194,
        "ok": 194,
        "ko": 0
    },
    "meanResponseTime": {
        "total": 168,
        "ok": 168,
        "ko": 0
    },
    "standardDeviation": {
        "total": 15,
        "ok": 15,
        "ko": 0
    },
    "percentiles1": {
        "total": 164,
        "ok": 164,
        "ko": 0
    },
    "percentiles2": {
        "total": 178,
        "ok": 178,
        "ko": 0
    },
    "percentiles3": {
        "total": 192,
        "ok": 192,
        "ko": 0
    },
    "percentiles4": {
        "total": 194,
        "ok": 194,
        "ko": 0
    },
    "group1": {
    "name": "t < 800 ms",
    "count": 10,
    "percentage": 100
},
    "group2": {
    "name": "800 ms < t < 1200 ms",
    "count": 0,
    "percentage": 0
},
    "group3": {
    "name": "t > 1200 ms",
    "count": 0,
    "percentage": 0
},
    "group4": {
    "name": "failed",
    "count": 0,
    "percentage": 0
},
    "meanNumberOfRequestsPerSecond": {
        "total": 0.5263157894736842,
        "ok": 0.5263157894736842,
        "ko": 0
    }
}
    },"req_request-2-93baf": {
        "type": "REQUEST",
        "name": "request_2",
"path": "request_2",
"pathFormatted": "req_request-2-93baf",
"stats": {
    "name": "request_2",
    "numberOfRequests": {
        "total": 10,
        "ok": 10,
        "ko": 0
    },
    "minResponseTime": {
        "total": 45,
        "ok": 45,
        "ko": 0
    },
    "maxResponseTime": {
        "total": 343,
        "ok": 343,
        "ko": 0
    },
    "meanResponseTime": {
        "total": 82,
        "ok": 82,
        "ko": 0
    },
    "standardDeviation": {
        "total": 87,
        "ok": 87,
        "ko": 0
    },
    "percentiles1": {
        "total": 56,
        "ok": 56,
        "ko": 0
    },
    "percentiles2": {
        "total": 60,
        "ok": 60,
        "ko": 0
    },
    "percentiles3": {
        "total": 217,
        "ok": 217,
        "ko": 0
    },
    "percentiles4": {
        "total": 318,
        "ok": 318,
        "ko": 0
    },
    "group1": {
    "name": "t < 800 ms",
    "count": 10,
    "percentage": 100
},
    "group2": {
    "name": "800 ms < t < 1200 ms",
    "count": 0,
    "percentage": 0
},
    "group3": {
    "name": "t > 1200 ms",
    "count": 0,
    "percentage": 0
},
    "group4": {
    "name": "failed",
    "count": 0,
    "percentage": 0
},
    "meanNumberOfRequestsPerSecond": {
        "total": 0.5263157894736842,
        "ok": 0.5263157894736842,
        "ko": 0
    }
}
    },"req_request-2-redir-733ac": {
        "type": "REQUEST",
        "name": "request_2 Redirect 1",
"path": "request_2 Redirect 1",
"pathFormatted": "req_request-2-redir-733ac",
"stats": {
    "name": "request_2 Redirect 1",
    "numberOfRequests": {
        "total": 10,
        "ok": 10,
        "ko": 0
    },
    "minResponseTime": {
        "total": 58,
        "ok": 58,
        "ko": 0
    },
    "maxResponseTime": {
        "total": 164,
        "ok": 164,
        "ko": 0
    },
    "meanResponseTime": {
        "total": 76,
        "ok": 76,
        "ko": 0
    },
    "standardDeviation": {
        "total": 30,
        "ok": 30,
        "ko": 0
    },
    "percentiles1": {
        "total": 65,
        "ok": 65,
        "ko": 0
    },
    "percentiles2": {
        "total": 75,
        "ok": 75,
        "ko": 0
    },
    "percentiles3": {
        "total": 125,
        "ok": 125,
        "ko": 0
    },
    "percentiles4": {
        "total": 156,
        "ok": 156,
        "ko": 0
    },
    "group1": {
    "name": "t < 800 ms",
    "count": 10,
    "percentage": 100
},
    "group2": {
    "name": "800 ms < t < 1200 ms",
    "count": 0,
    "percentage": 0
},
    "group3": {
    "name": "t > 1200 ms",
    "count": 0,
    "percentage": 0
},
    "group4": {
    "name": "failed",
    "count": 0,
    "percentage": 0
},
    "meanNumberOfRequestsPerSecond": {
        "total": 0.5263157894736842,
        "ok": 0.5263157894736842,
        "ko": 0
    }
}
    },"req_request-3-d0973": {
        "type": "REQUEST",
        "name": "request_3",
"path": "request_3",
"pathFormatted": "req_request-3-d0973",
"stats": {
    "name": "request_3",
    "numberOfRequests": {
        "total": 10,
        "ok": 10,
        "ko": 0
    },
    "minResponseTime": {
        "total": 217,
        "ok": 217,
        "ko": 0
    },
    "maxResponseTime": {
        "total": 595,
        "ok": 595,
        "ko": 0
    },
    "meanResponseTime": {
        "total": 384,
        "ok": 384,
        "ko": 0
    },
    "standardDeviation": {
        "total": 145,
        "ok": 145,
        "ko": 0
    },
    "percentiles1": {
        "total": 387,
        "ok": 387,
        "ko": 0
    },
    "percentiles2": {
        "total": 507,
        "ok": 507,
        "ko": 0
    },
    "percentiles3": {
        "total": 594,
        "ok": 594,
        "ko": 0
    },
    "percentiles4": {
        "total": 595,
        "ok": 595,
        "ko": 0
    },
    "group1": {
    "name": "t < 800 ms",
    "count": 10,
    "percentage": 100
},
    "group2": {
    "name": "800 ms < t < 1200 ms",
    "count": 0,
    "percentage": 0
},
    "group3": {
    "name": "t > 1200 ms",
    "count": 0,
    "percentage": 0
},
    "group4": {
    "name": "failed",
    "count": 0,
    "percentage": 0
},
    "meanNumberOfRequestsPerSecond": {
        "total": 0.5263157894736842,
        "ok": 0.5263157894736842,
        "ko": 0
    }
}
    },"req_request-3-redir-2cb6e": {
        "type": "REQUEST",
        "name": "request_3 Redirect 1",
"path": "request_3 Redirect 1",
"pathFormatted": "req_request-3-redir-2cb6e",
"stats": {
    "name": "request_3 Redirect 1",
    "numberOfRequests": {
        "total": 10,
        "ok": 10,
        "ko": 0
    },
    "minResponseTime": {
        "total": 96,
        "ok": 96,
        "ko": 0
    },
    "maxResponseTime": {
        "total": 422,
        "ok": 422,
        "ko": 0
    },
    "meanResponseTime": {
        "total": 163,
        "ok": 163,
        "ko": 0
    },
    "standardDeviation": {
        "total": 101,
        "ok": 101,
        "ko": 0
    },
    "percentiles1": {
        "total": 110,
        "ok": 110,
        "ko": 0
    },
    "percentiles2": {
        "total": 178,
        "ok": 178,
        "ko": 0
    },
    "percentiles3": {
        "total": 353,
        "ok": 353,
        "ko": 0
    },
    "percentiles4": {
        "total": 408,
        "ok": 408,
        "ko": 0
    },
    "group1": {
    "name": "t < 800 ms",
    "count": 10,
    "percentage": 100
},
    "group2": {
    "name": "800 ms < t < 1200 ms",
    "count": 0,
    "percentage": 0
},
    "group3": {
    "name": "t > 1200 ms",
    "count": 0,
    "percentage": 0
},
    "group4": {
    "name": "failed",
    "count": 0,
    "percentage": 0
},
    "meanNumberOfRequestsPerSecond": {
        "total": 0.5263157894736842,
        "ok": 0.5263157894736842,
        "ko": 0
    }
}
    },"req_request-3-redir-9f15c": {
        "type": "REQUEST",
        "name": "request_3 Redirect 2",
"path": "request_3 Redirect 2",
"pathFormatted": "req_request-3-redir-9f15c",
"stats": {
    "name": "request_3 Redirect 2",
    "numberOfRequests": {
        "total": 10,
        "ok": 10,
        "ko": 0
    },
    "minResponseTime": {
        "total": 84,
        "ok": 84,
        "ko": 0
    },
    "maxResponseTime": {
        "total": 191,
        "ok": 191,
        "ko": 0
    },
    "meanResponseTime": {
        "total": 114,
        "ok": 114,
        "ko": 0
    },
    "standardDeviation": {
        "total": 30,
        "ok": 30,
        "ko": 0
    },
    "percentiles1": {
        "total": 103,
        "ok": 103,
        "ko": 0
    },
    "percentiles2": {
        "total": 115,
        "ok": 115,
        "ko": 0
    },
    "percentiles3": {
        "total": 171,
        "ok": 171,
        "ko": 0
    },
    "percentiles4": {
        "total": 187,
        "ok": 187,
        "ko": 0
    },
    "group1": {
    "name": "t < 800 ms",
    "count": 10,
    "percentage": 100
},
    "group2": {
    "name": "800 ms < t < 1200 ms",
    "count": 0,
    "percentage": 0
},
    "group3": {
    "name": "t > 1200 ms",
    "count": 0,
    "percentage": 0
},
    "group4": {
    "name": "failed",
    "count": 0,
    "percentage": 0
},
    "meanNumberOfRequestsPerSecond": {
        "total": 0.5263157894736842,
        "ok": 0.5263157894736842,
        "ko": 0
    }
}
    },"req_request-3-redir-08bb3": {
        "type": "REQUEST",
        "name": "request_3 Redirect 3",
"path": "request_3 Redirect 3",
"pathFormatted": "req_request-3-redir-08bb3",
"stats": {
    "name": "request_3 Redirect 3",
    "numberOfRequests": {
        "total": 10,
        "ok": 10,
        "ko": 0
    },
    "minResponseTime": {
        "total": 160,
        "ok": 160,
        "ko": 0
    },
    "maxResponseTime": {
        "total": 288,
        "ok": 288,
        "ko": 0
    },
    "meanResponseTime": {
        "total": 202,
        "ok": 202,
        "ko": 0
    },
    "standardDeviation": {
        "total": 39,
        "ok": 39,
        "ko": 0
    },
    "percentiles1": {
        "total": 193,
        "ok": 193,
        "ko": 0
    },
    "percentiles2": {
        "total": 201,
        "ok": 201,
        "ko": 0
    },
    "percentiles3": {
        "total": 275,
        "ok": 275,
        "ko": 0
    },
    "percentiles4": {
        "total": 285,
        "ok": 285,
        "ko": 0
    },
    "group1": {
    "name": "t < 800 ms",
    "count": 10,
    "percentage": 100
},
    "group2": {
    "name": "800 ms < t < 1200 ms",
    "count": 0,
    "percentage": 0
},
    "group3": {
    "name": "t > 1200 ms",
    "count": 0,
    "percentage": 0
},
    "group4": {
    "name": "failed",
    "count": 0,
    "percentage": 0
},
    "meanNumberOfRequestsPerSecond": {
        "total": 0.5263157894736842,
        "ok": 0.5263157894736842,
        "ko": 0
    }
}
    },"req_request-4-e7d1b": {
        "type": "REQUEST",
        "name": "request_4",
"path": "request_4",
"pathFormatted": "req_request-4-e7d1b",
"stats": {
    "name": "request_4",
    "numberOfRequests": {
        "total": 10,
        "ok": 10,
        "ko": 0
    },
    "minResponseTime": {
        "total": 349,
        "ok": 349,
        "ko": 0
    },
    "maxResponseTime": {
        "total": 3901,
        "ok": 3901,
        "ko": 0
    },
    "meanResponseTime": {
        "total": 1522,
        "ok": 1522,
        "ko": 0
    },
    "standardDeviation": {
        "total": 1240,
        "ok": 1240,
        "ko": 0
    },
    "percentiles1": {
        "total": 1072,
        "ok": 1072,
        "ko": 0
    },
    "percentiles2": {
        "total": 1774,
        "ok": 1774,
        "ko": 0
    },
    "percentiles3": {
        "total": 3805,
        "ok": 3805,
        "ko": 0
    },
    "percentiles4": {
        "total": 3882,
        "ok": 3882,
        "ko": 0
    },
    "group1": {
    "name": "t < 800 ms",
    "count": 5,
    "percentage": 50
},
    "group2": {
    "name": "800 ms < t < 1200 ms",
    "count": 0,
    "percentage": 0
},
    "group3": {
    "name": "t > 1200 ms",
    "count": 5,
    "percentage": 50
},
    "group4": {
    "name": "failed",
    "count": 0,
    "percentage": 0
},
    "meanNumberOfRequestsPerSecond": {
        "total": 0.5263157894736842,
        "ok": 0.5263157894736842,
        "ko": 0
    }
}
    },"req_request-5-48829": {
        "type": "REQUEST",
        "name": "request_5",
"path": "request_5",
"pathFormatted": "req_request-5-48829",
"stats": {
    "name": "request_5",
    "numberOfRequests": {
        "total": 10,
        "ok": 10,
        "ko": 0
    },
    "minResponseTime": {
        "total": 175,
        "ok": 175,
        "ko": 0
    },
    "maxResponseTime": {
        "total": 404,
        "ok": 404,
        "ko": 0
    },
    "meanResponseTime": {
        "total": 299,
        "ok": 299,
        "ko": 0
    },
    "standardDeviation": {
        "total": 76,
        "ok": 76,
        "ko": 0
    },
    "percentiles1": {
        "total": 305,
        "ok": 305,
        "ko": 0
    },
    "percentiles2": {
        "total": 353,
        "ok": 353,
        "ko": 0
    },
    "percentiles3": {
        "total": 401,
        "ok": 401,
        "ko": 0
    },
    "percentiles4": {
        "total": 403,
        "ok": 403,
        "ko": 0
    },
    "group1": {
    "name": "t < 800 ms",
    "count": 10,
    "percentage": 100
},
    "group2": {
    "name": "800 ms < t < 1200 ms",
    "count": 0,
    "percentage": 0
},
    "group3": {
    "name": "t > 1200 ms",
    "count": 0,
    "percentage": 0
},
    "group4": {
    "name": "failed",
    "count": 0,
    "percentage": 0
},
    "meanNumberOfRequestsPerSecond": {
        "total": 0.5263157894736842,
        "ok": 0.5263157894736842,
        "ko": 0
    }
}
    },"req_request-6-027a9": {
        "type": "REQUEST",
        "name": "request_6",
"path": "request_6",
"pathFormatted": "req_request-6-027a9",
"stats": {
    "name": "request_6",
    "numberOfRequests": {
        "total": 10,
        "ok": 10,
        "ko": 0
    },
    "minResponseTime": {
        "total": 408,
        "ok": 408,
        "ko": 0
    },
    "maxResponseTime": {
        "total": 1540,
        "ok": 1540,
        "ko": 0
    },
    "meanResponseTime": {
        "total": 627,
        "ok": 627,
        "ko": 0
    },
    "standardDeviation": {
        "total": 313,
        "ok": 313,
        "ko": 0
    },
    "percentiles1": {
        "total": 523,
        "ok": 523,
        "ko": 0
    },
    "percentiles2": {
        "total": 596,
        "ok": 596,
        "ko": 0
    },
    "percentiles3": {
        "total": 1147,
        "ok": 1147,
        "ko": 0
    },
    "percentiles4": {
        "total": 1461,
        "ok": 1461,
        "ko": 0
    },
    "group1": {
    "name": "t < 800 ms",
    "count": 9,
    "percentage": 90
},
    "group2": {
    "name": "800 ms < t < 1200 ms",
    "count": 0,
    "percentage": 0
},
    "group3": {
    "name": "t > 1200 ms",
    "count": 1,
    "percentage": 10
},
    "group4": {
    "name": "failed",
    "count": 0,
    "percentage": 0
},
    "meanNumberOfRequestsPerSecond": {
        "total": 0.5263157894736842,
        "ok": 0.5263157894736842,
        "ko": 0
    }
}
    },"req_request-7-f222f": {
        "type": "REQUEST",
        "name": "request_7",
"path": "request_7",
"pathFormatted": "req_request-7-f222f",
"stats": {
    "name": "request_7",
    "numberOfRequests": {
        "total": 10,
        "ok": 10,
        "ko": 0
    },
    "minResponseTime": {
        "total": 160,
        "ok": 160,
        "ko": 0
    },
    "maxResponseTime": {
        "total": 363,
        "ok": 363,
        "ko": 0
    },
    "meanResponseTime": {
        "total": 256,
        "ok": 256,
        "ko": 0
    },
    "standardDeviation": {
        "total": 77,
        "ok": 77,
        "ko": 0
    },
    "percentiles1": {
        "total": 238,
        "ok": 238,
        "ko": 0
    },
    "percentiles2": {
        "total": 330,
        "ok": 330,
        "ko": 0
    },
    "percentiles3": {
        "total": 359,
        "ok": 359,
        "ko": 0
    },
    "percentiles4": {
        "total": 362,
        "ok": 362,
        "ko": 0
    },
    "group1": {
    "name": "t < 800 ms",
    "count": 10,
    "percentage": 100
},
    "group2": {
    "name": "800 ms < t < 1200 ms",
    "count": 0,
    "percentage": 0
},
    "group3": {
    "name": "t > 1200 ms",
    "count": 0,
    "percentage": 0
},
    "group4": {
    "name": "failed",
    "count": 0,
    "percentage": 0
},
    "meanNumberOfRequestsPerSecond": {
        "total": 0.5263157894736842,
        "ok": 0.5263157894736842,
        "ko": 0
    }
}
    },"req_request-9-d127e": {
        "type": "REQUEST",
        "name": "request_9",
"path": "request_9",
"pathFormatted": "req_request-9-d127e",
"stats": {
    "name": "request_9",
    "numberOfRequests": {
        "total": 10,
        "ok": 10,
        "ko": 0
    },
    "minResponseTime": {
        "total": 252,
        "ok": 252,
        "ko": 0
    },
    "maxResponseTime": {
        "total": 1428,
        "ok": 1428,
        "ko": 0
    },
    "meanResponseTime": {
        "total": 541,
        "ok": 541,
        "ko": 0
    },
    "standardDeviation": {
        "total": 410,
        "ok": 410,
        "ko": 0
    },
    "percentiles1": {
        "total": 382,
        "ok": 382,
        "ko": 0
    },
    "percentiles2": {
        "total": 423,
        "ok": 423,
        "ko": 0
    },
    "percentiles3": {
        "total": 1356,
        "ok": 1356,
        "ko": 0
    },
    "percentiles4": {
        "total": 1414,
        "ok": 1414,
        "ko": 0
    },
    "group1": {
    "name": "t < 800 ms",
    "count": 8,
    "percentage": 80
},
    "group2": {
    "name": "800 ms < t < 1200 ms",
    "count": 0,
    "percentage": 0
},
    "group3": {
    "name": "t > 1200 ms",
    "count": 2,
    "percentage": 20
},
    "group4": {
    "name": "failed",
    "count": 0,
    "percentage": 0
},
    "meanNumberOfRequestsPerSecond": {
        "total": 0.5263157894736842,
        "ok": 0.5263157894736842,
        "ko": 0
    }
}
    },"req_request-8-ef0c8": {
        "type": "REQUEST",
        "name": "request_8",
"path": "request_8",
"pathFormatted": "req_request-8-ef0c8",
"stats": {
    "name": "request_8",
    "numberOfRequests": {
        "total": 10,
        "ok": 10,
        "ko": 0
    },
    "minResponseTime": {
        "total": 233,
        "ok": 233,
        "ko": 0
    },
    "maxResponseTime": {
        "total": 422,
        "ok": 422,
        "ko": 0
    },
    "meanResponseTime": {
        "total": 340,
        "ok": 340,
        "ko": 0
    },
    "standardDeviation": {
        "total": 76,
        "ok": 76,
        "ko": 0
    },
    "percentiles1": {
        "total": 376,
        "ok": 376,
        "ko": 0
    },
    "percentiles2": {
        "total": 410,
        "ok": 410,
        "ko": 0
    },
    "percentiles3": {
        "total": 422,
        "ok": 422,
        "ko": 0
    },
    "percentiles4": {
        "total": 422,
        "ok": 422,
        "ko": 0
    },
    "group1": {
    "name": "t < 800 ms",
    "count": 10,
    "percentage": 100
},
    "group2": {
    "name": "800 ms < t < 1200 ms",
    "count": 0,
    "percentage": 0
},
    "group3": {
    "name": "t > 1200 ms",
    "count": 0,
    "percentage": 0
},
    "group4": {
    "name": "failed",
    "count": 0,
    "percentage": 0
},
    "meanNumberOfRequestsPerSecond": {
        "total": 0.5263157894736842,
        "ok": 0.5263157894736842,
        "ko": 0
    }
}
    }
}

}