{
    "name": "Global Information",
    "numberOfRequests": {
        "total": 1041,
        "ok": 1038,
        "ko": 3
    },
    "minResponseTime": {
        "total": 38,
        "ok": 38,
        "ko": 251
    },
    "maxResponseTime": {
        "total": 6773,
        "ok": 6773,
        "ko": 548
    },
    "meanResponseTime": {
        "total": 597,
        "ok": 597,
        "ko": 410
    },
    "standardDeviation": {
        "total": 674,
        "ok": 675,
        "ko": 122
    },
    "percentiles1": {
        "total": 387,
        "ok": 387,
        "ko": 430
    },
    "percentiles2": {
        "total": 773,
        "ok": 774,
        "ko": 489
    },
    "percentiles3": {
        "total": 1802,
        "ok": 1804,
        "ko": 536
    },
    "percentiles4": {
        "total": 3230,
        "ok": 3231,
        "ko": 546
    },
    "group1": {
    "name": "t < 800 ms",
    "count": 798,
    "percentage": 77
},
    "group2": {
    "name": "800 ms < t < 1200 ms",
    "count": 135,
    "percentage": 13
},
    "group3": {
    "name": "t > 1200 ms",
    "count": 105,
    "percentage": 10
},
    "group4": {
    "name": "failed",
    "count": 3,
    "percentage": 0
},
    "meanNumberOfRequestsPerSecond": {
        "total": 13.88,
        "ok": 13.84,
        "ko": 0.04
    }
}