{
    "name": "Global Information",
    "numberOfRequests": {
        "total": 1668,
        "ok": 1641,
        "ko": 27
    },
    "minResponseTime": {
        "total": 36,
        "ok": 36,
        "ko": 60000
    },
    "maxResponseTime": {
        "total": 60002,
        "ok": 34918,
        "ko": 60002
    },
    "meanResponseTime": {
        "total": 2402,
        "ok": 1454,
        "ko": 60001
    },
    "standardDeviation": {
        "total": 7835,
        "ok": 2630,
        "ko": 1
    },
    "percentiles1": {
        "total": 523,
        "ok": 503,
        "ko": 60001
    },
    "percentiles2": {
        "total": 1949,
        "ok": 1871,
        "ko": 60001
    },
    "percentiles3": {
        "total": 5034,
        "ok": 4754,
        "ko": 60002
    },
    "percentiles4": {
        "total": 60001,
        "ok": 8219,
        "ko": 60002
    },
    "group1": {
    "name": "t < 800 ms",
    "count": 979,
    "percentage": 59
},
    "group2": {
    "name": "800 ms < t < 1200 ms",
    "count": 143,
    "percentage": 9
},
    "group3": {
    "name": "t > 1200 ms",
    "count": 519,
    "percentage": 31
},
    "group4": {
    "name": "failed",
    "count": 27,
    "percentage": 2
},
    "meanNumberOfRequestsPerSecond": {
        "total": 12.541353383458647,
        "ok": 12.338345864661655,
        "ko": 0.20300751879699247
    }
}