{
  "type": "GROUP",
"name": "Global Information",
"path": "",
"pathFormatted": "group_missing-name-b06d1",
"stats": {
    "name": "Global Information",
    "numberOfRequests": {
        "total": 356,
        "ok": 355,
        "ko": 1
    },
    "minResponseTime": {
        "total": 38,
        "ok": 38,
        "ko": 60001
    },
    "maxResponseTime": {
        "total": 60001,
        "ok": 31251,
        "ko": 60001
    },
    "meanResponseTime": {
        "total": 822,
        "ok": 656,
        "ko": 60001
    },
    "standardDeviation": {
        "total": 3682,
        "ok": 1924,
        "ko": 0
    },
    "percentiles1": {
        "total": 321,
        "ok": 320,
        "ko": 60001
    },
    "percentiles2": {
        "total": 598,
        "ok": 591,
        "ko": 60001
    },
    "percentiles3": {
        "total": 1720,
        "ok": 1718,
        "ko": 60001
    },
    "percentiles4": {
        "total": 5428,
        "ok": 3563,
        "ko": 60001
    },
    "group1": {
    "name": "t < 800 ms",
    "count": 294,
    "percentage": 83
},
    "group2": {
    "name": "800 ms < t < 1200 ms",
    "count": 14,
    "percentage": 4
},
    "group3": {
    "name": "t > 1200 ms",
    "count": 47,
    "percentage": 13
},
    "group4": {
    "name": "failed",
    "count": 1,
    "percentage": 0
},
    "meanNumberOfRequestsPerSecond": {
        "total": 5.085714285714285,
        "ok": 5.071428571428571,
        "ko": 0.014285714285714285
    }
},
"contents": {
"req_request-0-684d2": {
        "type": "REQUEST",
        "name": "request_0",
"path": "request_0",
"pathFormatted": "req_request-0-684d2",
"stats": {
    "name": "request_0",
    "numberOfRequests": {
        "total": 10,
        "ok": 10,
        "ko": 0
    },
    "minResponseTime": {
        "total": 249,
        "ok": 249,
        "ko": 0
    },
    "maxResponseTime": {
        "total": 323,
        "ok": 323,
        "ko": 0
    },
    "meanResponseTime": {
        "total": 303,
        "ok": 303,
        "ko": 0
    },
    "standardDeviation": {
        "total": 27,
        "ok": 27,
        "ko": 0
    },
    "percentiles1": {
        "total": 315,
        "ok": 315,
        "ko": 0
    },
    "percentiles2": {
        "total": 319,
        "ok": 319,
        "ko": 0
    },
    "percentiles3": {
        "total": 323,
        "ok": 323,
        "ko": 0
    },
    "percentiles4": {
        "total": 323,
        "ok": 323,
        "ko": 0
    },
    "group1": {
    "name": "t < 800 ms",
    "count": 10,
    "percentage": 100
},
    "group2": {
    "name": "800 ms < t < 1200 ms",
    "count": 0,
    "percentage": 0
},
    "group3": {
    "name": "t > 1200 ms",
    "count": 0,
    "percentage": 0
},
    "group4": {
    "name": "failed",
    "count": 0,
    "percentage": 0
},
    "meanNumberOfRequestsPerSecond": {
        "total": 0.14285714285714285,
        "ok": 0.14285714285714285,
        "ko": 0
    }
}
    },"req_request-0-redir-e6ac5": {
        "type": "REQUEST",
        "name": "request_0 Redirect 1",
"path": "request_0 Redirect 1",
"pathFormatted": "req_request-0-redir-e6ac5",
"stats": {
    "name": "request_0 Redirect 1",
    "numberOfRequests": {
        "total": 10,
        "ok": 9,
        "ko": 1
    },
    "minResponseTime": {
        "total": 184,
        "ok": 184,
        "ko": 60001
    },
    "maxResponseTime": {
        "total": 60001,
        "ok": 31251,
        "ko": 60001
    },
    "meanResponseTime": {
        "total": 12006,
        "ok": 6674,
        "ko": 60001
    },
    "standardDeviation": {
        "total": 18531,
        "ok": 9857,
        "ko": 0
    },
    "percentiles1": {
        "total": 2239,
        "ok": 1239,
        "ko": 60001
    },
    "percentiles2": {
        "total": 13252,
        "ok": 7241,
        "ko": 60001
    },
    "percentiles3": {
        "total": 47063,
        "ok": 24853,
        "ko": 60001
    },
    "percentiles4": {
        "total": 57414,
        "ok": 29971,
        "ko": 60001
    },
    "group1": {
    "name": "t < 800 ms",
    "count": 3,
    "percentage": 30
},
    "group2": {
    "name": "800 ms < t < 1200 ms",
    "count": 1,
    "percentage": 10
},
    "group3": {
    "name": "t > 1200 ms",
    "count": 5,
    "percentage": 50
},
    "group4": {
    "name": "failed",
    "count": 1,
    "percentage": 10
},
    "meanNumberOfRequestsPerSecond": {
        "total": 0.14285714285714285,
        "ok": 0.12857142857142856,
        "ko": 0.014285714285714285
    }
}
    },"req_bootstrap-min-c-5b8a7": {
        "type": "REQUEST",
        "name": "bootstrap.min.css",
"path": "bootstrap.min.css",
"pathFormatted": "req_bootstrap-min-c-5b8a7",
"stats": {
    "name": "bootstrap.min.css",
    "numberOfRequests": {
        "total": 29,
        "ok": 29,
        "ko": 0
    },
    "minResponseTime": {
        "total": 39,
        "ok": 39,
        "ko": 0
    },
    "maxResponseTime": {
        "total": 409,
        "ok": 409,
        "ko": 0
    },
    "meanResponseTime": {
        "total": 143,
        "ok": 143,
        "ko": 0
    },
    "standardDeviation": {
        "total": 102,
        "ok": 102,
        "ko": 0
    },
    "percentiles1": {
        "total": 151,
        "ok": 151,
        "ko": 0
    },
    "percentiles2": {
        "total": 197,
        "ok": 197,
        "ko": 0
    },
    "percentiles3": {
        "total": 350,
        "ok": 350,
        "ko": 0
    },
    "percentiles4": {
        "total": 408,
        "ok": 408,
        "ko": 0
    },
    "group1": {
    "name": "t < 800 ms",
    "count": 29,
    "percentage": 100
},
    "group2": {
    "name": "800 ms < t < 1200 ms",
    "count": 0,
    "percentage": 0
},
    "group3": {
    "name": "t > 1200 ms",
    "count": 0,
    "percentage": 0
},
    "group4": {
    "name": "failed",
    "count": 0,
    "percentage": 0
},
    "meanNumberOfRequestsPerSecond": {
        "total": 0.4142857142857143,
        "ok": 0.4142857142857143,
        "ko": 0
    }
}
    },"req_solid-css-8f91a": {
        "type": "REQUEST",
        "name": "solid.css",
"path": "solid.css",
"pathFormatted": "req_solid-css-8f91a",
"stats": {
    "name": "solid.css",
    "numberOfRequests": {
        "total": 29,
        "ok": 29,
        "ko": 0
    },
    "minResponseTime": {
        "total": 38,
        "ok": 38,
        "ko": 0
    },
    "maxResponseTime": {
        "total": 559,
        "ok": 559,
        "ko": 0
    },
    "meanResponseTime": {
        "total": 217,
        "ok": 217,
        "ko": 0
    },
    "standardDeviation": {
        "total": 147,
        "ok": 147,
        "ko": 0
    },
    "percentiles1": {
        "total": 197,
        "ok": 197,
        "ko": 0
    },
    "percentiles2": {
        "total": 292,
        "ok": 292,
        "ko": 0
    },
    "percentiles3": {
        "total": 482,
        "ok": 482,
        "ko": 0
    },
    "percentiles4": {
        "total": 545,
        "ok": 545,
        "ko": 0
    },
    "group1": {
    "name": "t < 800 ms",
    "count": 29,
    "percentage": 100
},
    "group2": {
    "name": "800 ms < t < 1200 ms",
    "count": 0,
    "percentage": 0
},
    "group3": {
    "name": "t > 1200 ms",
    "count": 0,
    "percentage": 0
},
    "group4": {
    "name": "failed",
    "count": 0,
    "percentage": 0
},
    "meanNumberOfRequestsPerSecond": {
        "total": 0.4142857142857143,
        "ok": 0.4142857142857143,
        "ko": 0
    }
}
    },"req_solid-auth-clie-301ec": {
        "type": "REQUEST",
        "name": "solid-auth-client.bundle.js",
"path": "solid-auth-client.bundle.js",
"pathFormatted": "req_solid-auth-clie-301ec",
"stats": {
    "name": "solid-auth-client.bundle.js",
    "numberOfRequests": {
        "total": 19,
        "ok": 19,
        "ko": 0
    },
    "minResponseTime": {
        "total": 47,
        "ok": 47,
        "ko": 0
    },
    "maxResponseTime": {
        "total": 1058,
        "ok": 1058,
        "ko": 0
    },
    "meanResponseTime": {
        "total": 388,
        "ok": 388,
        "ko": 0
    },
    "standardDeviation": {
        "total": 206,
        "ok": 206,
        "ko": 0
    },
    "percentiles1": {
        "total": 350,
        "ok": 350,
        "ko": 0
    },
    "percentiles2": {
        "total": 391,
        "ok": 391,
        "ko": 0
    },
    "percentiles3": {
        "total": 706,
        "ok": 706,
        "ko": 0
    },
    "percentiles4": {
        "total": 988,
        "ok": 988,
        "ko": 0
    },
    "group1": {
    "name": "t < 800 ms",
    "count": 18,
    "percentage": 95
},
    "group2": {
    "name": "800 ms < t < 1200 ms",
    "count": 1,
    "percentage": 5
},
    "group3": {
    "name": "t > 1200 ms",
    "count": 0,
    "percentage": 0
},
    "group4": {
    "name": "failed",
    "count": 0,
    "percentage": 0
},
    "meanNumberOfRequestsPerSecond": {
        "total": 0.2714285714285714,
        "ok": 0.2714285714285714,
        "ko": 0
    }
}
    },"req_auth-buttons-js-47a35": {
        "type": "REQUEST",
        "name": "auth-buttons.js",
"path": "auth-buttons.js",
"pathFormatted": "req_auth-buttons-js-47a35",
"stats": {
    "name": "auth-buttons.js",
    "numberOfRequests": {
        "total": 19,
        "ok": 19,
        "ko": 0
    },
    "minResponseTime": {
        "total": 163,
        "ok": 163,
        "ko": 0
    },
    "maxResponseTime": {
        "total": 626,
        "ok": 626,
        "ko": 0
    },
    "meanResponseTime": {
        "total": 293,
        "ok": 293,
        "ko": 0
    },
    "standardDeviation": {
        "total": 121,
        "ok": 121,
        "ko": 0
    },
    "percentiles1": {
        "total": 276,
        "ok": 276,
        "ko": 0
    },
    "percentiles2": {
        "total": 372,
        "ok": 372,
        "ko": 0
    },
    "percentiles3": {
        "total": 468,
        "ok": 468,
        "ko": 0
    },
    "percentiles4": {
        "total": 595,
        "ok": 595,
        "ko": 0
    },
    "group1": {
    "name": "t < 800 ms",
    "count": 19,
    "percentage": 100
},
    "group2": {
    "name": "800 ms < t < 1200 ms",
    "count": 0,
    "percentage": 0
},
    "group3": {
    "name": "t > 1200 ms",
    "count": 0,
    "percentage": 0
},
    "group4": {
    "name": "failed",
    "count": 0,
    "percentage": 0
},
    "meanNumberOfRequestsPerSecond": {
        "total": 0.2714285714285714,
        "ok": 0.2714285714285714,
        "ko": 0
    }
}
    },"req_request-1-46da4": {
        "type": "REQUEST",
        "name": "request_1",
"path": "request_1",
"pathFormatted": "req_request-1-46da4",
"stats": {
    "name": "request_1",
    "numberOfRequests": {
        "total": 10,
        "ok": 10,
        "ko": 0
    },
    "minResponseTime": {
        "total": 146,
        "ok": 146,
        "ko": 0
    },
    "maxResponseTime": {
        "total": 640,
        "ok": 640,
        "ko": 0
    },
    "meanResponseTime": {
        "total": 231,
        "ok": 231,
        "ko": 0
    },
    "standardDeviation": {
        "total": 142,
        "ok": 142,
        "ko": 0
    },
    "percentiles1": {
        "total": 178,
        "ok": 178,
        "ko": 0
    },
    "percentiles2": {
        "total": 205,
        "ok": 205,
        "ko": 0
    },
    "percentiles3": {
        "total": 483,
        "ok": 483,
        "ko": 0
    },
    "percentiles4": {
        "total": 609,
        "ok": 609,
        "ko": 0
    },
    "group1": {
    "name": "t < 800 ms",
    "count": 10,
    "percentage": 100
},
    "group2": {
    "name": "800 ms < t < 1200 ms",
    "count": 0,
    "percentage": 0
},
    "group3": {
    "name": "t > 1200 ms",
    "count": 0,
    "percentage": 0
},
    "group4": {
    "name": "failed",
    "count": 0,
    "percentage": 0
},
    "meanNumberOfRequestsPerSecond": {
        "total": 0.14285714285714285,
        "ok": 0.14285714285714285,
        "ko": 0
    }
}
    },"req_request-2-93baf": {
        "type": "REQUEST",
        "name": "request_2",
"path": "request_2",
"pathFormatted": "req_request-2-93baf",
"stats": {
    "name": "request_2",
    "numberOfRequests": {
        "total": 10,
        "ok": 10,
        "ko": 0
    },
    "minResponseTime": {
        "total": 44,
        "ok": 44,
        "ko": 0
    },
    "maxResponseTime": {
        "total": 295,
        "ok": 295,
        "ko": 0
    },
    "meanResponseTime": {
        "total": 101,
        "ok": 101,
        "ko": 0
    },
    "standardDeviation": {
        "total": 97,
        "ok": 97,
        "ko": 0
    },
    "percentiles1": {
        "total": 49,
        "ok": 49,
        "ko": 0
    },
    "percentiles2": {
        "total": 76,
        "ok": 76,
        "ko": 0
    },
    "percentiles3": {
        "total": 295,
        "ok": 295,
        "ko": 0
    },
    "percentiles4": {
        "total": 295,
        "ok": 295,
        "ko": 0
    },
    "group1": {
    "name": "t < 800 ms",
    "count": 10,
    "percentage": 100
},
    "group2": {
    "name": "800 ms < t < 1200 ms",
    "count": 0,
    "percentage": 0
},
    "group3": {
    "name": "t > 1200 ms",
    "count": 0,
    "percentage": 0
},
    "group4": {
    "name": "failed",
    "count": 0,
    "percentage": 0
},
    "meanNumberOfRequestsPerSecond": {
        "total": 0.14285714285714285,
        "ok": 0.14285714285714285,
        "ko": 0
    }
}
    },"req_request-2-redir-733ac": {
        "type": "REQUEST",
        "name": "request_2 Redirect 1",
"path": "request_2 Redirect 1",
"pathFormatted": "req_request-2-redir-733ac",
"stats": {
    "name": "request_2 Redirect 1",
    "numberOfRequests": {
        "total": 10,
        "ok": 10,
        "ko": 0
    },
    "minResponseTime": {
        "total": 58,
        "ok": 58,
        "ko": 0
    },
    "maxResponseTime": {
        "total": 587,
        "ok": 587,
        "ko": 0
    },
    "meanResponseTime": {
        "total": 157,
        "ok": 157,
        "ko": 0
    },
    "standardDeviation": {
        "total": 159,
        "ok": 159,
        "ko": 0
    },
    "percentiles1": {
        "total": 67,
        "ok": 67,
        "ko": 0
    },
    "percentiles2": {
        "total": 195,
        "ok": 195,
        "ko": 0
    },
    "percentiles3": {
        "total": 439,
        "ok": 439,
        "ko": 0
    },
    "percentiles4": {
        "total": 557,
        "ok": 557,
        "ko": 0
    },
    "group1": {
    "name": "t < 800 ms",
    "count": 10,
    "percentage": 100
},
    "group2": {
    "name": "800 ms < t < 1200 ms",
    "count": 0,
    "percentage": 0
},
    "group3": {
    "name": "t > 1200 ms",
    "count": 0,
    "percentage": 0
},
    "group4": {
    "name": "failed",
    "count": 0,
    "percentage": 0
},
    "meanNumberOfRequestsPerSecond": {
        "total": 0.14285714285714285,
        "ok": 0.14285714285714285,
        "ko": 0
    }
}
    },"req_request-3-d0973": {
        "type": "REQUEST",
        "name": "request_3",
"path": "request_3",
"pathFormatted": "req_request-3-d0973",
"stats": {
    "name": "request_3",
    "numberOfRequests": {
        "total": 10,
        "ok": 10,
        "ko": 0
    },
    "minResponseTime": {
        "total": 223,
        "ok": 223,
        "ko": 0
    },
    "maxResponseTime": {
        "total": 444,
        "ok": 444,
        "ko": 0
    },
    "meanResponseTime": {
        "total": 331,
        "ok": 331,
        "ko": 0
    },
    "standardDeviation": {
        "total": 75,
        "ok": 75,
        "ko": 0
    },
    "percentiles1": {
        "total": 328,
        "ok": 328,
        "ko": 0
    },
    "percentiles2": {
        "total": 395,
        "ok": 395,
        "ko": 0
    },
    "percentiles3": {
        "total": 431,
        "ok": 431,
        "ko": 0
    },
    "percentiles4": {
        "total": 441,
        "ok": 441,
        "ko": 0
    },
    "group1": {
    "name": "t < 800 ms",
    "count": 10,
    "percentage": 100
},
    "group2": {
    "name": "800 ms < t < 1200 ms",
    "count": 0,
    "percentage": 0
},
    "group3": {
    "name": "t > 1200 ms",
    "count": 0,
    "percentage": 0
},
    "group4": {
    "name": "failed",
    "count": 0,
    "percentage": 0
},
    "meanNumberOfRequestsPerSecond": {
        "total": 0.14285714285714285,
        "ok": 0.14285714285714285,
        "ko": 0
    }
}
    },"req_request-3-redir-2cb6e": {
        "type": "REQUEST",
        "name": "request_3 Redirect 1",
"path": "request_3 Redirect 1",
"pathFormatted": "req_request-3-redir-2cb6e",
"stats": {
    "name": "request_3 Redirect 1",
    "numberOfRequests": {
        "total": 10,
        "ok": 10,
        "ko": 0
    },
    "minResponseTime": {
        "total": 91,
        "ok": 91,
        "ko": 0
    },
    "maxResponseTime": {
        "total": 314,
        "ok": 314,
        "ko": 0
    },
    "meanResponseTime": {
        "total": 161,
        "ok": 161,
        "ko": 0
    },
    "standardDeviation": {
        "total": 88,
        "ok": 88,
        "ko": 0
    },
    "percentiles1": {
        "total": 104,
        "ok": 104,
        "ko": 0
    },
    "percentiles2": {
        "total": 218,
        "ok": 218,
        "ko": 0
    },
    "percentiles3": {
        "total": 314,
        "ok": 314,
        "ko": 0
    },
    "percentiles4": {
        "total": 314,
        "ok": 314,
        "ko": 0
    },
    "group1": {
    "name": "t < 800 ms",
    "count": 10,
    "percentage": 100
},
    "group2": {
    "name": "800 ms < t < 1200 ms",
    "count": 0,
    "percentage": 0
},
    "group3": {
    "name": "t > 1200 ms",
    "count": 0,
    "percentage": 0
},
    "group4": {
    "name": "failed",
    "count": 0,
    "percentage": 0
},
    "meanNumberOfRequestsPerSecond": {
        "total": 0.14285714285714285,
        "ok": 0.14285714285714285,
        "ko": 0
    }
}
    },"req_request-3-redir-9f15c": {
        "type": "REQUEST",
        "name": "request_3 Redirect 2",
"path": "request_3 Redirect 2",
"pathFormatted": "req_request-3-redir-9f15c",
"stats": {
    "name": "request_3 Redirect 2",
    "numberOfRequests": {
        "total": 10,
        "ok": 10,
        "ko": 0
    },
    "minResponseTime": {
        "total": 93,
        "ok": 93,
        "ko": 0
    },
    "maxResponseTime": {
        "total": 525,
        "ok": 525,
        "ko": 0
    },
    "meanResponseTime": {
        "total": 230,
        "ok": 230,
        "ko": 0
    },
    "standardDeviation": {
        "total": 154,
        "ok": 154,
        "ko": 0
    },
    "percentiles1": {
        "total": 142,
        "ok": 142,
        "ko": 0
    },
    "percentiles2": {
        "total": 356,
        "ok": 356,
        "ko": 0
    },
    "percentiles3": {
        "total": 479,
        "ok": 479,
        "ko": 0
    },
    "percentiles4": {
        "total": 516,
        "ok": 516,
        "ko": 0
    },
    "group1": {
    "name": "t < 800 ms",
    "count": 10,
    "percentage": 100
},
    "group2": {
    "name": "800 ms < t < 1200 ms",
    "count": 0,
    "percentage": 0
},
    "group3": {
    "name": "t > 1200 ms",
    "count": 0,
    "percentage": 0
},
    "group4": {
    "name": "failed",
    "count": 0,
    "percentage": 0
},
    "meanNumberOfRequestsPerSecond": {
        "total": 0.14285714285714285,
        "ok": 0.14285714285714285,
        "ko": 0
    }
}
    },"req_request-3-redir-08bb3": {
        "type": "REQUEST",
        "name": "request_3 Redirect 3",
"path": "request_3 Redirect 3",
"pathFormatted": "req_request-3-redir-08bb3",
"stats": {
    "name": "request_3 Redirect 3",
    "numberOfRequests": {
        "total": 10,
        "ok": 10,
        "ko": 0
    },
    "minResponseTime": {
        "total": 149,
        "ok": 149,
        "ko": 0
    },
    "maxResponseTime": {
        "total": 490,
        "ok": 490,
        "ko": 0
    },
    "meanResponseTime": {
        "total": 263,
        "ok": 263,
        "ko": 0
    },
    "standardDeviation": {
        "total": 114,
        "ok": 114,
        "ko": 0
    },
    "percentiles1": {
        "total": 208,
        "ok": 208,
        "ko": 0
    },
    "percentiles2": {
        "total": 292,
        "ok": 292,
        "ko": 0
    },
    "percentiles3": {
        "total": 477,
        "ok": 477,
        "ko": 0
    },
    "percentiles4": {
        "total": 487,
        "ok": 487,
        "ko": 0
    },
    "group1": {
    "name": "t < 800 ms",
    "count": 10,
    "percentage": 100
},
    "group2": {
    "name": "800 ms < t < 1200 ms",
    "count": 0,
    "percentage": 0
},
    "group3": {
    "name": "t > 1200 ms",
    "count": 0,
    "percentage": 0
},
    "group4": {
    "name": "failed",
    "count": 0,
    "percentage": 0
},
    "meanNumberOfRequestsPerSecond": {
        "total": 0.14285714285714285,
        "ok": 0.14285714285714285,
        "ko": 0
    }
}
    },"req_request-4-e7d1b": {
        "type": "REQUEST",
        "name": "request_4",
"path": "request_4",
"pathFormatted": "req_request-4-e7d1b",
"stats": {
    "name": "request_4",
    "numberOfRequests": {
        "total": 10,
        "ok": 10,
        "ko": 0
    },
    "minResponseTime": {
        "total": 273,
        "ok": 273,
        "ko": 0
    },
    "maxResponseTime": {
        "total": 3944,
        "ok": 3944,
        "ko": 0
    },
    "meanResponseTime": {
        "total": 969,
        "ok": 969,
        "ko": 0
    },
    "standardDeviation": {
        "total": 1025,
        "ok": 1025,
        "ko": 0
    },
    "percentiles1": {
        "total": 740,
        "ok": 740,
        "ko": 0
    },
    "percentiles2": {
        "total": 935,
        "ok": 935,
        "ko": 0
    },
    "percentiles3": {
        "total": 2633,
        "ok": 2633,
        "ko": 0
    },
    "percentiles4": {
        "total": 3682,
        "ok": 3682,
        "ko": 0
    },
    "group1": {
    "name": "t < 800 ms",
    "count": 6,
    "percentage": 60
},
    "group2": {
    "name": "800 ms < t < 1200 ms",
    "count": 3,
    "percentage": 30
},
    "group3": {
    "name": "t > 1200 ms",
    "count": 1,
    "percentage": 10
},
    "group4": {
    "name": "failed",
    "count": 0,
    "percentage": 0
},
    "meanNumberOfRequestsPerSecond": {
        "total": 0.14285714285714285,
        "ok": 0.14285714285714285,
        "ko": 0
    }
}
    },"req_mash-css-d5713": {
        "type": "REQUEST",
        "name": "mash.css",
"path": "mash.css",
"pathFormatted": "req_mash-css-d5713",
"stats": {
    "name": "mash.css",
    "numberOfRequests": {
        "total": 10,
        "ok": 10,
        "ko": 0
    },
    "minResponseTime": {
        "total": 78,
        "ok": 78,
        "ko": 0
    },
    "maxResponseTime": {
        "total": 206,
        "ok": 206,
        "ko": 0
    },
    "meanResponseTime": {
        "total": 108,
        "ok": 108,
        "ko": 0
    },
    "standardDeviation": {
        "total": 38,
        "ok": 38,
        "ko": 0
    },
    "percentiles1": {
        "total": 96,
        "ok": 96,
        "ko": 0
    },
    "percentiles2": {
        "total": 106,
        "ok": 106,
        "ko": 0
    },
    "percentiles3": {
        "total": 179,
        "ok": 179,
        "ko": 0
    },
    "percentiles4": {
        "total": 201,
        "ok": 201,
        "ko": 0
    },
    "group1": {
    "name": "t < 800 ms",
    "count": 10,
    "percentage": 100
},
    "group2": {
    "name": "800 ms < t < 1200 ms",
    "count": 0,
    "percentage": 0
},
    "group3": {
    "name": "t > 1200 ms",
    "count": 0,
    "percentage": 0
},
    "group4": {
    "name": "failed",
    "count": 0,
    "percentage": 0
},
    "meanNumberOfRequestsPerSecond": {
        "total": 0.14285714285714285,
        "ok": 0.14285714285714285,
        "ko": 0
    }
}
    },"req_mashlib-min-js-40849": {
        "type": "REQUEST",
        "name": "mashlib.min.js",
"path": "mashlib.min.js",
"pathFormatted": "req_mashlib-min-js-40849",
"stats": {
    "name": "mashlib.min.js",
    "numberOfRequests": {
        "total": 10,
        "ok": 10,
        "ko": 0
    },
    "minResponseTime": {
        "total": 532,
        "ok": 532,
        "ko": 0
    },
    "maxResponseTime": {
        "total": 1712,
        "ok": 1712,
        "ko": 0
    },
    "meanResponseTime": {
        "total": 1165,
        "ok": 1165,
        "ko": 0
    },
    "standardDeviation": {
        "total": 457,
        "ok": 457,
        "ko": 0
    },
    "percentiles1": {
        "total": 1139,
        "ok": 1139,
        "ko": 0
    },
    "percentiles2": {
        "total": 1648,
        "ok": 1648,
        "ko": 0
    },
    "percentiles3": {
        "total": 1708,
        "ok": 1708,
        "ko": 0
    },
    "percentiles4": {
        "total": 1711,
        "ok": 1711,
        "ko": 0
    },
    "group1": {
    "name": "t < 800 ms",
    "count": 4,
    "percentage": 40
},
    "group2": {
    "name": "800 ms < t < 1200 ms",
    "count": 1,
    "percentage": 10
},
    "group3": {
    "name": "t > 1200 ms",
    "count": 5,
    "percentage": 50
},
    "group4": {
    "name": "failed",
    "count": 0,
    "percentage": 0
},
    "meanNumberOfRequestsPerSecond": {
        "total": 0.14285714285714285,
        "ok": 0.14285714285714285,
        "ko": 0
    }
}
    },"req_request-5-48829": {
        "type": "REQUEST",
        "name": "request_5",
"path": "request_5",
"pathFormatted": "req_request-5-48829",
"stats": {
    "name": "request_5",
    "numberOfRequests": {
        "total": 10,
        "ok": 10,
        "ko": 0
    },
    "minResponseTime": {
        "total": 418,
        "ok": 418,
        "ko": 0
    },
    "maxResponseTime": {
        "total": 2790,
        "ok": 2790,
        "ko": 0
    },
    "meanResponseTime": {
        "total": 1303,
        "ok": 1303,
        "ko": 0
    },
    "standardDeviation": {
        "total": 833,
        "ok": 833,
        "ko": 0
    },
    "percentiles1": {
        "total": 1057,
        "ok": 1057,
        "ko": 0
    },
    "percentiles2": {
        "total": 1705,
        "ok": 1705,
        "ko": 0
    },
    "percentiles3": {
        "total": 2711,
        "ok": 2711,
        "ko": 0
    },
    "percentiles4": {
        "total": 2774,
        "ok": 2774,
        "ko": 0
    },
    "group1": {
    "name": "t < 800 ms",
    "count": 5,
    "percentage": 50
},
    "group2": {
    "name": "800 ms < t < 1200 ms",
    "count": 0,
    "percentage": 0
},
    "group3": {
    "name": "t > 1200 ms",
    "count": 5,
    "percentage": 50
},
    "group4": {
    "name": "failed",
    "count": 0,
    "percentage": 0
},
    "meanNumberOfRequestsPerSecond": {
        "total": 0.14285714285714285,
        "ok": 0.14285714285714285,
        "ko": 0
    }
}
    },"req_request-6-027a9": {
        "type": "REQUEST",
        "name": "request_6",
"path": "request_6",
"pathFormatted": "req_request-6-027a9",
"stats": {
    "name": "request_6",
    "numberOfRequests": {
        "total": 10,
        "ok": 10,
        "ko": 0
    },
    "minResponseTime": {
        "total": 293,
        "ok": 293,
        "ko": 0
    },
    "maxResponseTime": {
        "total": 2808,
        "ok": 2808,
        "ko": 0
    },
    "meanResponseTime": {
        "total": 1136,
        "ok": 1136,
        "ko": 0
    },
    "standardDeviation": {
        "total": 740,
        "ok": 740,
        "ko": 0
    },
    "percentiles1": {
        "total": 916,
        "ok": 916,
        "ko": 0
    },
    "percentiles2": {
        "total": 1601,
        "ok": 1601,
        "ko": 0
    },
    "percentiles3": {
        "total": 2347,
        "ok": 2347,
        "ko": 0
    },
    "percentiles4": {
        "total": 2716,
        "ok": 2716,
        "ko": 0
    },
    "group1": {
    "name": "t < 800 ms",
    "count": 5,
    "percentage": 50
},
    "group2": {
    "name": "800 ms < t < 1200 ms",
    "count": 1,
    "percentage": 10
},
    "group3": {
    "name": "t > 1200 ms",
    "count": 4,
    "percentage": 40
},
    "group4": {
    "name": "failed",
    "count": 0,
    "percentage": 0
},
    "meanNumberOfRequestsPerSecond": {
        "total": 0.14285714285714285,
        "ok": 0.14285714285714285,
        "ko": 0
    }
}
    },"req_request-7-f222f": {
        "type": "REQUEST",
        "name": "request_7",
"path": "request_7",
"pathFormatted": "req_request-7-f222f",
"stats": {
    "name": "request_7",
    "numberOfRequests": {
        "total": 10,
        "ok": 10,
        "ko": 0
    },
    "minResponseTime": {
        "total": 331,
        "ok": 331,
        "ko": 0
    },
    "maxResponseTime": {
        "total": 2838,
        "ok": 2838,
        "ko": 0
    },
    "meanResponseTime": {
        "total": 1175,
        "ok": 1175,
        "ko": 0
    },
    "standardDeviation": {
        "total": 731,
        "ok": 731,
        "ko": 0
    },
    "percentiles1": {
        "total": 1024,
        "ok": 1024,
        "ko": 0
    },
    "percentiles2": {
        "total": 1625,
        "ok": 1625,
        "ko": 0
    },
    "percentiles3": {
        "total": 2354,
        "ok": 2354,
        "ko": 0
    },
    "percentiles4": {
        "total": 2741,
        "ok": 2741,
        "ko": 0
    },
    "group1": {
    "name": "t < 800 ms",
    "count": 4,
    "percentage": 40
},
    "group2": {
    "name": "800 ms < t < 1200 ms",
    "count": 2,
    "percentage": 20
},
    "group3": {
    "name": "t > 1200 ms",
    "count": 4,
    "percentage": 40
},
    "group4": {
    "name": "failed",
    "count": 0,
    "percentage": 0
},
    "meanNumberOfRequestsPerSecond": {
        "total": 0.14285714285714285,
        "ok": 0.14285714285714285,
        "ko": 0
    }
}
    },"req_request-8-ef0c8": {
        "type": "REQUEST",
        "name": "request_8",
"path": "request_8",
"pathFormatted": "req_request-8-ef0c8",
"stats": {
    "name": "request_8",
    "numberOfRequests": {
        "total": 10,
        "ok": 10,
        "ko": 0
    },
    "minResponseTime": {
        "total": 511,
        "ok": 511,
        "ko": 0
    },
    "maxResponseTime": {
        "total": 1909,
        "ok": 1909,
        "ko": 0
    },
    "meanResponseTime": {
        "total": 1115,
        "ok": 1115,
        "ko": 0
    },
    "standardDeviation": {
        "total": 525,
        "ok": 525,
        "ko": 0
    },
    "percentiles1": {
        "total": 1024,
        "ok": 1024,
        "ko": 0
    },
    "percentiles2": {
        "total": 1659,
        "ok": 1659,
        "ko": 0
    },
    "percentiles3": {
        "total": 1831,
        "ok": 1831,
        "ko": 0
    },
    "percentiles4": {
        "total": 1893,
        "ok": 1893,
        "ko": 0
    },
    "group1": {
    "name": "t < 800 ms",
    "count": 4,
    "percentage": 40
},
    "group2": {
    "name": "800 ms < t < 1200 ms",
    "count": 2,
    "percentage": 20
},
    "group3": {
    "name": "t > 1200 ms",
    "count": 4,
    "percentage": 40
},
    "group4": {
    "name": "failed",
    "count": 0,
    "percentage": 0
},
    "meanNumberOfRequestsPerSecond": {
        "total": 0.14285714285714285,
        "ok": 0.14285714285714285,
        "ko": 0
    }
}
    },"req_request-9-d127e": {
        "type": "REQUEST",
        "name": "request_9",
"path": "request_9",
"pathFormatted": "req_request-9-d127e",
"stats": {
    "name": "request_9",
    "numberOfRequests": {
        "total": 10,
        "ok": 10,
        "ko": 0
    },
    "minResponseTime": {
        "total": 42,
        "ok": 42,
        "ko": 0
    },
    "maxResponseTime": {
        "total": 190,
        "ok": 190,
        "ko": 0
    },
    "meanResponseTime": {
        "total": 75,
        "ok": 75,
        "ko": 0
    },
    "standardDeviation": {
        "total": 47,
        "ok": 47,
        "ko": 0
    },
    "percentiles1": {
        "total": 50,
        "ok": 50,
        "ko": 0
    },
    "percentiles2": {
        "total": 99,
        "ok": 99,
        "ko": 0
    },
    "percentiles3": {
        "total": 158,
        "ok": 158,
        "ko": 0
    },
    "percentiles4": {
        "total": 184,
        "ok": 184,
        "ko": 0
    },
    "group1": {
    "name": "t < 800 ms",
    "count": 10,
    "percentage": 100
},
    "group2": {
    "name": "800 ms < t < 1200 ms",
    "count": 0,
    "percentage": 0
},
    "group3": {
    "name": "t > 1200 ms",
    "count": 0,
    "percentage": 0
},
    "group4": {
    "name": "failed",
    "count": 0,
    "percentage": 0
},
    "meanNumberOfRequestsPerSecond": {
        "total": 0.14285714285714285,
        "ok": 0.14285714285714285,
        "ko": 0
    }
}
    },"req_request-11-f11e8": {
        "type": "REQUEST",
        "name": "request_11",
"path": "request_11",
"pathFormatted": "req_request-11-f11e8",
"stats": {
    "name": "request_11",
    "numberOfRequests": {
        "total": 10,
        "ok": 10,
        "ko": 0
    },
    "minResponseTime": {
        "total": 42,
        "ok": 42,
        "ko": 0
    },
    "maxResponseTime": {
        "total": 239,
        "ok": 239,
        "ko": 0
    },
    "meanResponseTime": {
        "total": 114,
        "ok": 114,
        "ko": 0
    },
    "standardDeviation": {
        "total": 67,
        "ok": 67,
        "ko": 0
    },
    "percentiles1": {
        "total": 90,
        "ok": 90,
        "ko": 0
    },
    "percentiles2": {
        "total": 160,
        "ok": 160,
        "ko": 0
    },
    "percentiles3": {
        "total": 225,
        "ok": 225,
        "ko": 0
    },
    "percentiles4": {
        "total": 236,
        "ok": 236,
        "ko": 0
    },
    "group1": {
    "name": "t < 800 ms",
    "count": 10,
    "percentage": 100
},
    "group2": {
    "name": "800 ms < t < 1200 ms",
    "count": 0,
    "percentage": 0
},
    "group3": {
    "name": "t > 1200 ms",
    "count": 0,
    "percentage": 0
},
    "group4": {
    "name": "failed",
    "count": 0,
    "percentage": 0
},
    "meanNumberOfRequestsPerSecond": {
        "total": 0.14285714285714285,
        "ok": 0.14285714285714285,
        "ko": 0
    }
}
    },"req_request-10-1cfbe": {
        "type": "REQUEST",
        "name": "request_10",
"path": "request_10",
"pathFormatted": "req_request-10-1cfbe",
"stats": {
    "name": "request_10",
    "numberOfRequests": {
        "total": 10,
        "ok": 10,
        "ko": 0
    },
    "minResponseTime": {
        "total": 405,
        "ok": 405,
        "ko": 0
    },
    "maxResponseTime": {
        "total": 1567,
        "ok": 1567,
        "ko": 0
    },
    "meanResponseTime": {
        "total": 716,
        "ok": 716,
        "ko": 0
    },
    "standardDeviation": {
        "total": 401,
        "ok": 401,
        "ko": 0
    },
    "percentiles1": {
        "total": 465,
        "ok": 465,
        "ko": 0
    },
    "percentiles2": {
        "total": 904,
        "ok": 904,
        "ko": 0
    },
    "percentiles3": {
        "total": 1450,
        "ok": 1450,
        "ko": 0
    },
    "percentiles4": {
        "total": 1544,
        "ok": 1544,
        "ko": 0
    },
    "group1": {
    "name": "t < 800 ms",
    "count": 7,
    "percentage": 70
},
    "group2": {
    "name": "800 ms < t < 1200 ms",
    "count": 1,
    "percentage": 10
},
    "group3": {
    "name": "t > 1200 ms",
    "count": 2,
    "percentage": 20
},
    "group4": {
    "name": "failed",
    "count": 0,
    "percentage": 0
},
    "meanNumberOfRequestsPerSecond": {
        "total": 0.14285714285714285,
        "ok": 0.14285714285714285,
        "ko": 0
    }
}
    },"req_request-14-a0e30": {
        "type": "REQUEST",
        "name": "request_14",
"path": "request_14",
"pathFormatted": "req_request-14-a0e30",
"stats": {
    "name": "request_14",
    "numberOfRequests": {
        "total": 10,
        "ok": 10,
        "ko": 0
    },
    "minResponseTime": {
        "total": 456,
        "ok": 456,
        "ko": 0
    },
    "maxResponseTime": {
        "total": 1722,
        "ok": 1722,
        "ko": 0
    },
    "meanResponseTime": {
        "total": 891,
        "ok": 891,
        "ko": 0
    },
    "standardDeviation": {
        "total": 484,
        "ok": 484,
        "ko": 0
    },
    "percentiles1": {
        "total": 636,
        "ok": 636,
        "ko": 0
    },
    "percentiles2": {
        "total": 1254,
        "ok": 1254,
        "ko": 0
    },
    "percentiles3": {
        "total": 1708,
        "ok": 1708,
        "ko": 0
    },
    "percentiles4": {
        "total": 1719,
        "ok": 1719,
        "ko": 0
    },
    "group1": {
    "name": "t < 800 ms",
    "count": 7,
    "percentage": 70
},
    "group2": {
    "name": "800 ms < t < 1200 ms",
    "count": 0,
    "percentage": 0
},
    "group3": {
    "name": "t > 1200 ms",
    "count": 3,
    "percentage": 30
},
    "group4": {
    "name": "failed",
    "count": 0,
    "percentage": 0
},
    "meanNumberOfRequestsPerSecond": {
        "total": 0.14285714285714285,
        "ok": 0.14285714285714285,
        "ko": 0
    }
}
    },"req_request-13-5cca6": {
        "type": "REQUEST",
        "name": "request_13",
"path": "request_13",
"pathFormatted": "req_request-13-5cca6",
"stats": {
    "name": "request_13",
    "numberOfRequests": {
        "total": 10,
        "ok": 10,
        "ko": 0
    },
    "minResponseTime": {
        "total": 456,
        "ok": 456,
        "ko": 0
    },
    "maxResponseTime": {
        "total": 1717,
        "ok": 1717,
        "ko": 0
    },
    "meanResponseTime": {
        "total": 891,
        "ok": 891,
        "ko": 0
    },
    "standardDeviation": {
        "total": 483,
        "ok": 483,
        "ko": 0
    },
    "percentiles1": {
        "total": 637,
        "ok": 637,
        "ko": 0
    },
    "percentiles2": {
        "total": 1251,
        "ok": 1251,
        "ko": 0
    },
    "percentiles3": {
        "total": 1708,
        "ok": 1708,
        "ko": 0
    },
    "percentiles4": {
        "total": 1715,
        "ok": 1715,
        "ko": 0
    },
    "group1": {
    "name": "t < 800 ms",
    "count": 7,
    "percentage": 70
},
    "group2": {
    "name": "800 ms < t < 1200 ms",
    "count": 0,
    "percentage": 0
},
    "group3": {
    "name": "t > 1200 ms",
    "count": 3,
    "percentage": 30
},
    "group4": {
    "name": "failed",
    "count": 0,
    "percentage": 0
},
    "meanNumberOfRequestsPerSecond": {
        "total": 0.14285714285714285,
        "ok": 0.14285714285714285,
        "ko": 0
    }
}
    },"req_request-12-61da2": {
        "type": "REQUEST",
        "name": "request_12",
"path": "request_12",
"pathFormatted": "req_request-12-61da2",
"stats": {
    "name": "request_12",
    "numberOfRequests": {
        "total": 10,
        "ok": 10,
        "ko": 0
    },
    "minResponseTime": {
        "total": 351,
        "ok": 351,
        "ko": 0
    },
    "maxResponseTime": {
        "total": 1689,
        "ok": 1689,
        "ko": 0
    },
    "meanResponseTime": {
        "total": 787,
        "ok": 787,
        "ko": 0
    },
    "standardDeviation": {
        "total": 504,
        "ok": 504,
        "ko": 0
    },
    "percentiles1": {
        "total": 509,
        "ok": 509,
        "ko": 0
    },
    "percentiles2": {
        "total": 1205,
        "ok": 1205,
        "ko": 0
    },
    "percentiles3": {
        "total": 1624,
        "ok": 1624,
        "ko": 0
    },
    "percentiles4": {
        "total": 1676,
        "ok": 1676,
        "ko": 0
    },
    "group1": {
    "name": "t < 800 ms",
    "count": 7,
    "percentage": 70
},
    "group2": {
    "name": "800 ms < t < 1200 ms",
    "count": 0,
    "percentage": 0
},
    "group3": {
    "name": "t > 1200 ms",
    "count": 3,
    "percentage": 30
},
    "group4": {
    "name": "failed",
    "count": 0,
    "percentage": 0
},
    "meanNumberOfRequestsPerSecond": {
        "total": 0.14285714285714285,
        "ok": 0.14285714285714285,
        "ko": 0
    }
}
    },"req_request-15-56eac": {
        "type": "REQUEST",
        "name": "request_15",
"path": "request_15",
"pathFormatted": "req_request-15-56eac",
"stats": {
    "name": "request_15",
    "numberOfRequests": {
        "total": 10,
        "ok": 10,
        "ko": 0
    },
    "minResponseTime": {
        "total": 349,
        "ok": 349,
        "ko": 0
    },
    "maxResponseTime": {
        "total": 1721,
        "ok": 1721,
        "ko": 0
    },
    "meanResponseTime": {
        "total": 877,
        "ok": 877,
        "ko": 0
    },
    "standardDeviation": {
        "total": 495,
        "ok": 495,
        "ko": 0
    },
    "percentiles1": {
        "total": 636,
        "ok": 636,
        "ko": 0
    },
    "percentiles2": {
        "total": 1248,
        "ok": 1248,
        "ko": 0
    },
    "percentiles3": {
        "total": 1708,
        "ok": 1708,
        "ko": 0
    },
    "percentiles4": {
        "total": 1718,
        "ok": 1718,
        "ko": 0
    },
    "group1": {
    "name": "t < 800 ms",
    "count": 7,
    "percentage": 70
},
    "group2": {
    "name": "800 ms < t < 1200 ms",
    "count": 0,
    "percentage": 0
},
    "group3": {
    "name": "t > 1200 ms",
    "count": 3,
    "percentage": 30
},
    "group4": {
    "name": "failed",
    "count": 0,
    "percentage": 0
},
    "meanNumberOfRequestsPerSecond": {
        "total": 0.14285714285714285,
        "ok": 0.14285714285714285,
        "ko": 0
    }
}
    },"req_request-16-24733": {
        "type": "REQUEST",
        "name": "request_16",
"path": "request_16",
"pathFormatted": "req_request-16-24733",
"stats": {
    "name": "request_16",
    "numberOfRequests": {
        "total": 10,
        "ok": 10,
        "ko": 0
    },
    "minResponseTime": {
        "total": 474,
        "ok": 474,
        "ko": 0
    },
    "maxResponseTime": {
        "total": 1758,
        "ok": 1758,
        "ko": 0
    },
    "meanResponseTime": {
        "total": 945,
        "ok": 945,
        "ko": 0
    },
    "standardDeviation": {
        "total": 464,
        "ok": 464,
        "ko": 0
    },
    "percentiles1": {
        "total": 697,
        "ok": 697,
        "ko": 0
    },
    "percentiles2": {
        "total": 1241,
        "ok": 1241,
        "ko": 0
    },
    "percentiles3": {
        "total": 1749,
        "ok": 1749,
        "ko": 0
    },
    "percentiles4": {
        "total": 1756,
        "ok": 1756,
        "ko": 0
    },
    "group1": {
    "name": "t < 800 ms",
    "count": 6,
    "percentage": 60
},
    "group2": {
    "name": "800 ms < t < 1200 ms",
    "count": 1,
    "percentage": 10
},
    "group3": {
    "name": "t > 1200 ms",
    "count": 3,
    "percentage": 30
},
    "group4": {
    "name": "failed",
    "count": 0,
    "percentage": 0
},
    "meanNumberOfRequestsPerSecond": {
        "total": 0.14285714285714285,
        "ok": 0.14285714285714285,
        "ko": 0
    }
}
    },"req_request-17-cd6a2": {
        "type": "REQUEST",
        "name": "request_17",
"path": "request_17",
"pathFormatted": "req_request-17-cd6a2",
"stats": {
    "name": "request_17",
    "numberOfRequests": {
        "total": 10,
        "ok": 10,
        "ko": 0
    },
    "minResponseTime": {
        "total": 123,
        "ok": 123,
        "ko": 0
    },
    "maxResponseTime": {
        "total": 849,
        "ok": 849,
        "ko": 0
    },
    "meanResponseTime": {
        "total": 378,
        "ok": 378,
        "ko": 0
    },
    "standardDeviation": {
        "total": 196,
        "ok": 196,
        "ko": 0
    },
    "percentiles1": {
        "total": 352,
        "ok": 352,
        "ko": 0
    },
    "percentiles2": {
        "total": 444,
        "ok": 444,
        "ko": 0
    },
    "percentiles3": {
        "total": 692,
        "ok": 692,
        "ko": 0
    },
    "percentiles4": {
        "total": 818,
        "ok": 818,
        "ko": 0
    },
    "group1": {
    "name": "t < 800 ms",
    "count": 9,
    "percentage": 90
},
    "group2": {
    "name": "800 ms < t < 1200 ms",
    "count": 1,
    "percentage": 10
},
    "group3": {
    "name": "t > 1200 ms",
    "count": 0,
    "percentage": 0
},
    "group4": {
    "name": "failed",
    "count": 0,
    "percentage": 0
},
    "meanNumberOfRequestsPerSecond": {
        "total": 0.14285714285714285,
        "ok": 0.14285714285714285,
        "ko": 0
    }
}
    },"req_request-17-redi-ff1b4": {
        "type": "REQUEST",
        "name": "request_17 Redirect 1",
"path": "request_17 Redirect 1",
"pathFormatted": "req_request-17-redi-ff1b4",
"stats": {
    "name": "request_17 Redirect 1",
    "numberOfRequests": {
        "total": 10,
        "ok": 10,
        "ko": 0
    },
    "minResponseTime": {
        "total": 110,
        "ok": 110,
        "ko": 0
    },
    "maxResponseTime": {
        "total": 1579,
        "ok": 1579,
        "ko": 0
    },
    "meanResponseTime": {
        "total": 506,
        "ok": 506,
        "ko": 0
    },
    "standardDeviation": {
        "total": 527,
        "ok": 527,
        "ko": 0
    },
    "percentiles1": {
        "total": 244,
        "ok": 244,
        "ko": 0
    },
    "percentiles2": {
        "total": 565,
        "ok": 565,
        "ko": 0
    },
    "percentiles3": {
        "total": 1521,
        "ok": 1521,
        "ko": 0
    },
    "percentiles4": {
        "total": 1567,
        "ok": 1567,
        "ko": 0
    },
    "group1": {
    "name": "t < 800 ms",
    "count": 8,
    "percentage": 80
},
    "group2": {
    "name": "800 ms < t < 1200 ms",
    "count": 0,
    "percentage": 0
},
    "group3": {
    "name": "t > 1200 ms",
    "count": 2,
    "percentage": 20
},
    "group4": {
    "name": "failed",
    "count": 0,
    "percentage": 0
},
    "meanNumberOfRequestsPerSecond": {
        "total": 0.14285714285714285,
        "ok": 0.14285714285714285,
        "ko": 0
    }
}
    }
}

}