{
  "type": "GROUP",
"name": "Global Information",
"path": "",
"pathFormatted": "group_missing-name-b06d1",
"stats": {
    "name": "Global Information",
    "numberOfRequests": {
        "total": 1794,
        "ok": 1683,
        "ko": 111
    },
    "minResponseTime": {
        "total": 36,
        "ok": 36,
        "ko": 1305
    },
    "maxResponseTime": {
        "total": 60001,
        "ok": 36628,
        "ko": 60001
    },
    "meanResponseTime": {
        "total": 4853,
        "ok": 1320,
        "ko": 58414
    },
    "standardDeviation": {
        "total": 14380,
        "ok": 3574,
        "ko": 9518
    },
    "percentiles1": {
        "total": 400,
        "ok": 381,
        "ko": 60000
    },
    "percentiles2": {
        "total": 1242,
        "ok": 779,
        "ko": 60001
    },
    "percentiles3": {
        "total": 60000,
        "ok": 4851,
        "ko": 60001
    },
    "percentiles4": {
        "total": 60001,
        "ok": 18730,
        "ko": 60001
    },
    "group1": {
    "name": "t < 800 ms",
    "count": 1278,
    "percentage": 71
},
    "group2": {
    "name": "800 ms < t < 1200 ms",
    "count": 63,
    "percentage": 4
},
    "group3": {
    "name": "t > 1200 ms",
    "count": 342,
    "percentage": 19
},
    "group4": {
    "name": "failed",
    "count": 111,
    "percentage": 6
},
    "meanNumberOfRequestsPerSecond": {
        "total": 9.015075376884422,
        "ok": 8.457286432160805,
        "ko": 0.5577889447236181
    }
},
"contents": {
"req_request-0-684d2": {
        "type": "REQUEST",
        "name": "request_0",
"path": "request_0",
"pathFormatted": "req_request-0-684d2",
"stats": {
    "name": "request_0",
    "numberOfRequests": {
        "total": 100,
        "ok": 100,
        "ko": 0
    },
    "minResponseTime": {
        "total": 615,
        "ok": 615,
        "ko": 0
    },
    "maxResponseTime": {
        "total": 796,
        "ok": 796,
        "ko": 0
    },
    "meanResponseTime": {
        "total": 713,
        "ok": 713,
        "ko": 0
    },
    "standardDeviation": {
        "total": 41,
        "ok": 41,
        "ko": 0
    },
    "percentiles1": {
        "total": 707,
        "ok": 707,
        "ko": 0
    },
    "percentiles2": {
        "total": 744,
        "ok": 744,
        "ko": 0
    },
    "percentiles3": {
        "total": 780,
        "ok": 780,
        "ko": 0
    },
    "percentiles4": {
        "total": 795,
        "ok": 795,
        "ko": 0
    },
    "group1": {
    "name": "t < 800 ms",
    "count": 100,
    "percentage": 100
},
    "group2": {
    "name": "800 ms < t < 1200 ms",
    "count": 0,
    "percentage": 0
},
    "group3": {
    "name": "t > 1200 ms",
    "count": 0,
    "percentage": 0
},
    "group4": {
    "name": "failed",
    "count": 0,
    "percentage": 0
},
    "meanNumberOfRequestsPerSecond": {
        "total": 0.5025125628140703,
        "ok": 0.5025125628140703,
        "ko": 0
    }
}
    },"req_request-0-redir-e6ac5": {
        "type": "REQUEST",
        "name": "request_0 Redirect 1",
"path": "request_0 Redirect 1",
"pathFormatted": "req_request-0-redir-e6ac5",
"stats": {
    "name": "request_0 Redirect 1",
    "numberOfRequests": {
        "total": 100,
        "ok": 58,
        "ko": 42
    },
    "minResponseTime": {
        "total": 185,
        "ok": 185,
        "ko": 60000
    },
    "maxResponseTime": {
        "total": 60001,
        "ok": 33148,
        "ko": 60001
    },
    "meanResponseTime": {
        "total": 28704,
        "ok": 6041,
        "ko": 60000
    },
    "standardDeviation": {
        "total": 27214,
        "ok": 7347,
        "ko": 0
    },
    "percentiles1": {
        "total": 9070,
        "ok": 3020,
        "ko": 60000
    },
    "percentiles2": {
        "total": 60000,
        "ok": 5101,
        "ko": 60001
    },
    "percentiles3": {
        "total": 60001,
        "ok": 19578,
        "ko": 60001
    },
    "percentiles4": {
        "total": 60001,
        "ok": 32855,
        "ko": 60001
    },
    "group1": {
    "name": "t < 800 ms",
    "count": 3,
    "percentage": 3
},
    "group2": {
    "name": "800 ms < t < 1200 ms",
    "count": 0,
    "percentage": 0
},
    "group3": {
    "name": "t > 1200 ms",
    "count": 55,
    "percentage": 55
},
    "group4": {
    "name": "failed",
    "count": 42,
    "percentage": 42
},
    "meanNumberOfRequestsPerSecond": {
        "total": 0.5025125628140703,
        "ok": 0.2914572864321608,
        "ko": 0.21105527638190955
    }
}
    },"req_bootstrap-min-c-5b8a7": {
        "type": "REQUEST",
        "name": "bootstrap.min.css",
"path": "bootstrap.min.css",
"pathFormatted": "req_bootstrap-min-c-5b8a7",
"stats": {
    "name": "bootstrap.min.css",
    "numberOfRequests": {
        "total": 158,
        "ok": 158,
        "ko": 0
    },
    "minResponseTime": {
        "total": 41,
        "ok": 41,
        "ko": 0
    },
    "maxResponseTime": {
        "total": 2297,
        "ok": 2297,
        "ko": 0
    },
    "meanResponseTime": {
        "total": 223,
        "ok": 223,
        "ko": 0
    },
    "standardDeviation": {
        "total": 267,
        "ok": 267,
        "ko": 0
    },
    "percentiles1": {
        "total": 170,
        "ok": 170,
        "ko": 0
    },
    "percentiles2": {
        "total": 233,
        "ok": 233,
        "ko": 0
    },
    "percentiles3": {
        "total": 645,
        "ok": 645,
        "ko": 0
    },
    "percentiles4": {
        "total": 1419,
        "ok": 1419,
        "ko": 0
    },
    "group1": {
    "name": "t < 800 ms",
    "count": 151,
    "percentage": 96
},
    "group2": {
    "name": "800 ms < t < 1200 ms",
    "count": 4,
    "percentage": 3
},
    "group3": {
    "name": "t > 1200 ms",
    "count": 3,
    "percentage": 2
},
    "group4": {
    "name": "failed",
    "count": 0,
    "percentage": 0
},
    "meanNumberOfRequestsPerSecond": {
        "total": 0.7939698492462312,
        "ok": 0.7939698492462312,
        "ko": 0
    }
}
    },"req_solid-auth-clie-301ec": {
        "type": "REQUEST",
        "name": "solid-auth-client.bundle.js",
"path": "solid-auth-client.bundle.js",
"pathFormatted": "req_solid-auth-clie-301ec",
"stats": {
    "name": "solid-auth-client.bundle.js",
    "numberOfRequests": {
        "total": 58,
        "ok": 58,
        "ko": 0
    },
    "minResponseTime": {
        "total": 268,
        "ok": 268,
        "ko": 0
    },
    "maxResponseTime": {
        "total": 4172,
        "ok": 4172,
        "ko": 0
    },
    "meanResponseTime": {
        "total": 688,
        "ok": 688,
        "ko": 0
    },
    "standardDeviation": {
        "total": 729,
        "ok": 729,
        "ko": 0
    },
    "percentiles1": {
        "total": 418,
        "ok": 418,
        "ko": 0
    },
    "percentiles2": {
        "total": 518,
        "ok": 518,
        "ko": 0
    },
    "percentiles3": {
        "total": 2138,
        "ok": 2138,
        "ko": 0
    },
    "percentiles4": {
        "total": 3351,
        "ok": 3351,
        "ko": 0
    },
    "group1": {
    "name": "t < 800 ms",
    "count": 48,
    "percentage": 83
},
    "group2": {
    "name": "800 ms < t < 1200 ms",
    "count": 3,
    "percentage": 5
},
    "group3": {
    "name": "t > 1200 ms",
    "count": 7,
    "percentage": 12
},
    "group4": {
    "name": "failed",
    "count": 0,
    "percentage": 0
},
    "meanNumberOfRequestsPerSecond": {
        "total": 0.2914572864321608,
        "ok": 0.2914572864321608,
        "ko": 0
    }
}
    },"req_auth-buttons-js-47a35": {
        "type": "REQUEST",
        "name": "auth-buttons.js",
"path": "auth-buttons.js",
"pathFormatted": "req_auth-buttons-js-47a35",
"stats": {
    "name": "auth-buttons.js",
    "numberOfRequests": {
        "total": 58,
        "ok": 58,
        "ko": 0
    },
    "minResponseTime": {
        "total": 154,
        "ok": 154,
        "ko": 0
    },
    "maxResponseTime": {
        "total": 3195,
        "ok": 3195,
        "ko": 0
    },
    "meanResponseTime": {
        "total": 464,
        "ok": 464,
        "ko": 0
    },
    "standardDeviation": {
        "total": 544,
        "ok": 544,
        "ko": 0
    },
    "percentiles1": {
        "total": 255,
        "ok": 255,
        "ko": 0
    },
    "percentiles2": {
        "total": 363,
        "ok": 363,
        "ko": 0
    },
    "percentiles3": {
        "total": 1547,
        "ok": 1547,
        "ko": 0
    },
    "percentiles4": {
        "total": 2530,
        "ok": 2530,
        "ko": 0
    },
    "group1": {
    "name": "t < 800 ms",
    "count": 50,
    "percentage": 86
},
    "group2": {
    "name": "800 ms < t < 1200 ms",
    "count": 2,
    "percentage": 3
},
    "group3": {
    "name": "t > 1200 ms",
    "count": 6,
    "percentage": 10
},
    "group4": {
    "name": "failed",
    "count": 0,
    "percentage": 0
},
    "meanNumberOfRequestsPerSecond": {
        "total": 0.2914572864321608,
        "ok": 0.2914572864321608,
        "ko": 0
    }
}
    },"req_solid-css-8f91a": {
        "type": "REQUEST",
        "name": "solid.css",
"path": "solid.css",
"pathFormatted": "req_solid-css-8f91a",
"stats": {
    "name": "solid.css",
    "numberOfRequests": {
        "total": 158,
        "ok": 158,
        "ko": 0
    },
    "minResponseTime": {
        "total": 36,
        "ok": 36,
        "ko": 0
    },
    "maxResponseTime": {
        "total": 3186,
        "ok": 3186,
        "ko": 0
    },
    "meanResponseTime": {
        "total": 338,
        "ok": 338,
        "ko": 0
    },
    "standardDeviation": {
        "total": 383,
        "ok": 383,
        "ko": 0
    },
    "percentiles1": {
        "total": 299,
        "ok": 299,
        "ko": 0
    },
    "percentiles2": {
        "total": 398,
        "ok": 398,
        "ko": 0
    },
    "percentiles3": {
        "total": 937,
        "ok": 937,
        "ko": 0
    },
    "percentiles4": {
        "total": 1896,
        "ok": 1896,
        "ko": 0
    },
    "group1": {
    "name": "t < 800 ms",
    "count": 148,
    "percentage": 94
},
    "group2": {
    "name": "800 ms < t < 1200 ms",
    "count": 4,
    "percentage": 3
},
    "group3": {
    "name": "t > 1200 ms",
    "count": 6,
    "percentage": 4
},
    "group4": {
    "name": "failed",
    "count": 0,
    "percentage": 0
},
    "meanNumberOfRequestsPerSecond": {
        "total": 0.7939698492462312,
        "ok": 0.7939698492462312,
        "ko": 0
    }
}
    },"req_request-1-46da4": {
        "type": "REQUEST",
        "name": "request_1",
"path": "request_1",
"pathFormatted": "req_request-1-46da4",
"stats": {
    "name": "request_1",
    "numberOfRequests": {
        "total": 100,
        "ok": 100,
        "ko": 0
    },
    "minResponseTime": {
        "total": 146,
        "ok": 146,
        "ko": 0
    },
    "maxResponseTime": {
        "total": 3595,
        "ok": 3595,
        "ko": 0
    },
    "meanResponseTime": {
        "total": 518,
        "ok": 518,
        "ko": 0
    },
    "standardDeviation": {
        "total": 636,
        "ok": 636,
        "ko": 0
    },
    "percentiles1": {
        "total": 388,
        "ok": 388,
        "ko": 0
    },
    "percentiles2": {
        "total": 550,
        "ok": 550,
        "ko": 0
    },
    "percentiles3": {
        "total": 1663,
        "ok": 1663,
        "ko": 0
    },
    "percentiles4": {
        "total": 3012,
        "ok": 3012,
        "ko": 0
    },
    "group1": {
    "name": "t < 800 ms",
    "count": 92,
    "percentage": 92
},
    "group2": {
    "name": "800 ms < t < 1200 ms",
    "count": 1,
    "percentage": 1
},
    "group3": {
    "name": "t > 1200 ms",
    "count": 7,
    "percentage": 7
},
    "group4": {
    "name": "failed",
    "count": 0,
    "percentage": 0
},
    "meanNumberOfRequestsPerSecond": {
        "total": 0.5025125628140703,
        "ok": 0.5025125628140703,
        "ko": 0
    }
}
    },"req_request-2-93baf": {
        "type": "REQUEST",
        "name": "request_2",
"path": "request_2",
"pathFormatted": "req_request-2-93baf",
"stats": {
    "name": "request_2",
    "numberOfRequests": {
        "total": 100,
        "ok": 100,
        "ko": 0
    },
    "minResponseTime": {
        "total": 39,
        "ok": 39,
        "ko": 0
    },
    "maxResponseTime": {
        "total": 3128,
        "ok": 3128,
        "ko": 0
    },
    "meanResponseTime": {
        "total": 253,
        "ok": 253,
        "ko": 0
    },
    "standardDeviation": {
        "total": 475,
        "ok": 475,
        "ko": 0
    },
    "percentiles1": {
        "total": 90,
        "ok": 90,
        "ko": 0
    },
    "percentiles2": {
        "total": 263,
        "ok": 263,
        "ko": 0
    },
    "percentiles3": {
        "total": 791,
        "ok": 791,
        "ko": 0
    },
    "percentiles4": {
        "total": 2430,
        "ok": 2430,
        "ko": 0
    },
    "group1": {
    "name": "t < 800 ms",
    "count": 95,
    "percentage": 95
},
    "group2": {
    "name": "800 ms < t < 1200 ms",
    "count": 1,
    "percentage": 1
},
    "group3": {
    "name": "t > 1200 ms",
    "count": 4,
    "percentage": 4
},
    "group4": {
    "name": "failed",
    "count": 0,
    "percentage": 0
},
    "meanNumberOfRequestsPerSecond": {
        "total": 0.5025125628140703,
        "ok": 0.5025125628140703,
        "ko": 0
    }
}
    },"req_request-2-redir-733ac": {
        "type": "REQUEST",
        "name": "request_2 Redirect 1",
"path": "request_2 Redirect 1",
"pathFormatted": "req_request-2-redir-733ac",
"stats": {
    "name": "request_2 Redirect 1",
    "numberOfRequests": {
        "total": 100,
        "ok": 100,
        "ko": 0
    },
    "minResponseTime": {
        "total": 50,
        "ok": 50,
        "ko": 0
    },
    "maxResponseTime": {
        "total": 4065,
        "ok": 4065,
        "ko": 0
    },
    "meanResponseTime": {
        "total": 502,
        "ok": 502,
        "ko": 0
    },
    "standardDeviation": {
        "total": 881,
        "ok": 881,
        "ko": 0
    },
    "percentiles1": {
        "total": 258,
        "ok": 258,
        "ko": 0
    },
    "percentiles2": {
        "total": 377,
        "ok": 377,
        "ko": 0
    },
    "percentiles3": {
        "total": 2532,
        "ok": 2532,
        "ko": 0
    },
    "percentiles4": {
        "total": 4065,
        "ok": 4065,
        "ko": 0
    },
    "group1": {
    "name": "t < 800 ms",
    "count": 88,
    "percentage": 88
},
    "group2": {
    "name": "800 ms < t < 1200 ms",
    "count": 5,
    "percentage": 5
},
    "group3": {
    "name": "t > 1200 ms",
    "count": 7,
    "percentage": 7
},
    "group4": {
    "name": "failed",
    "count": 0,
    "percentage": 0
},
    "meanNumberOfRequestsPerSecond": {
        "total": 0.5025125628140703,
        "ok": 0.5025125628140703,
        "ko": 0
    }
}
    },"req_request-3-d0973": {
        "type": "REQUEST",
        "name": "request_3",
"path": "request_3",
"pathFormatted": "req_request-3-d0973",
"stats": {
    "name": "request_3",
    "numberOfRequests": {
        "total": 100,
        "ok": 100,
        "ko": 0
    },
    "minResponseTime": {
        "total": 216,
        "ok": 216,
        "ko": 0
    },
    "maxResponseTime": {
        "total": 5281,
        "ok": 5281,
        "ko": 0
    },
    "meanResponseTime": {
        "total": 2664,
        "ok": 2664,
        "ko": 0
    },
    "standardDeviation": {
        "total": 1760,
        "ok": 1760,
        "ko": 0
    },
    "percentiles1": {
        "total": 2197,
        "ok": 2197,
        "ko": 0
    },
    "percentiles2": {
        "total": 4843,
        "ok": 4843,
        "ko": 0
    },
    "percentiles3": {
        "total": 5234,
        "ok": 5234,
        "ko": 0
    },
    "percentiles4": {
        "total": 5260,
        "ok": 5260,
        "ko": 0
    },
    "group1": {
    "name": "t < 800 ms",
    "count": 20,
    "percentage": 20
},
    "group2": {
    "name": "800 ms < t < 1200 ms",
    "count": 5,
    "percentage": 5
},
    "group3": {
    "name": "t > 1200 ms",
    "count": 75,
    "percentage": 75
},
    "group4": {
    "name": "failed",
    "count": 0,
    "percentage": 0
},
    "meanNumberOfRequestsPerSecond": {
        "total": 0.5025125628140703,
        "ok": 0.5025125628140703,
        "ko": 0
    }
}
    },"req_request-3-redir-2cb6e": {
        "type": "REQUEST",
        "name": "request_3 Redirect 1",
"path": "request_3 Redirect 1",
"pathFormatted": "req_request-3-redir-2cb6e",
"stats": {
    "name": "request_3 Redirect 1",
    "numberOfRequests": {
        "total": 100,
        "ok": 97,
        "ko": 3
    },
    "minResponseTime": {
        "total": 74,
        "ok": 74,
        "ko": 1305
    },
    "maxResponseTime": {
        "total": 3851,
        "ok": 3851,
        "ko": 1311
    },
    "meanResponseTime": {
        "total": 861,
        "ok": 847,
        "ko": 1307
    },
    "standardDeviation": {
        "total": 1189,
        "ok": 1204,
        "ko": 3
    },
    "percentiles1": {
        "total": 284,
        "ok": 259,
        "ko": 1306
    },
    "percentiles2": {
        "total": 1305,
        "ok": 1121,
        "ko": 1309
    },
    "percentiles3": {
        "total": 3820,
        "ok": 3820,
        "ko": 1311
    },
    "percentiles4": {
        "total": 3824,
        "ok": 3825,
        "ko": 1311
    },
    "group1": {
    "name": "t < 800 ms",
    "count": 72,
    "percentage": 72
},
    "group2": {
    "name": "800 ms < t < 1200 ms",
    "count": 2,
    "percentage": 2
},
    "group3": {
    "name": "t > 1200 ms",
    "count": 23,
    "percentage": 23
},
    "group4": {
    "name": "failed",
    "count": 3,
    "percentage": 3
},
    "meanNumberOfRequestsPerSecond": {
        "total": 0.5025125628140703,
        "ok": 0.48743718592964824,
        "ko": 0.01507537688442211
    }
}
    },"req_request-3-redir-9f15c": {
        "type": "REQUEST",
        "name": "request_3 Redirect 2",
"path": "request_3 Redirect 2",
"pathFormatted": "req_request-3-redir-9f15c",
"stats": {
    "name": "request_3 Redirect 2",
    "numberOfRequests": {
        "total": 97,
        "ok": 97,
        "ko": 0
    },
    "minResponseTime": {
        "total": 92,
        "ok": 92,
        "ko": 0
    },
    "maxResponseTime": {
        "total": 5285,
        "ok": 5285,
        "ko": 0
    },
    "meanResponseTime": {
        "total": 709,
        "ok": 709,
        "ko": 0
    },
    "standardDeviation": {
        "total": 978,
        "ok": 978,
        "ko": 0
    },
    "percentiles1": {
        "total": 399,
        "ok": 399,
        "ko": 0
    },
    "percentiles2": {
        "total": 507,
        "ok": 507,
        "ko": 0
    },
    "percentiles3": {
        "total": 3552,
        "ok": 3552,
        "ko": 0
    },
    "percentiles4": {
        "total": 3891,
        "ok": 3891,
        "ko": 0
    },
    "group1": {
    "name": "t < 800 ms",
    "count": 84,
    "percentage": 87
},
    "group2": {
    "name": "800 ms < t < 1200 ms",
    "count": 1,
    "percentage": 1
},
    "group3": {
    "name": "t > 1200 ms",
    "count": 12,
    "percentage": 12
},
    "group4": {
    "name": "failed",
    "count": 0,
    "percentage": 0
},
    "meanNumberOfRequestsPerSecond": {
        "total": 0.48743718592964824,
        "ok": 0.48743718592964824,
        "ko": 0
    }
}
    },"req_request-3-redir-08bb3": {
        "type": "REQUEST",
        "name": "request_3 Redirect 3",
"path": "request_3 Redirect 3",
"pathFormatted": "req_request-3-redir-08bb3",
"stats": {
    "name": "request_3 Redirect 3",
    "numberOfRequests": {
        "total": 97,
        "ok": 97,
        "ko": 0
    },
    "minResponseTime": {
        "total": 177,
        "ok": 177,
        "ko": 0
    },
    "maxResponseTime": {
        "total": 2506,
        "ok": 2506,
        "ko": 0
    },
    "meanResponseTime": {
        "total": 481,
        "ok": 481,
        "ko": 0
    },
    "standardDeviation": {
        "total": 399,
        "ok": 399,
        "ko": 0
    },
    "percentiles1": {
        "total": 369,
        "ok": 369,
        "ko": 0
    },
    "percentiles2": {
        "total": 518,
        "ok": 518,
        "ko": 0
    },
    "percentiles3": {
        "total": 875,
        "ok": 875,
        "ko": 0
    },
    "percentiles4": {
        "total": 2492,
        "ok": 2492,
        "ko": 0
    },
    "group1": {
    "name": "t < 800 ms",
    "count": 89,
    "percentage": 92
},
    "group2": {
    "name": "800 ms < t < 1200 ms",
    "count": 5,
    "percentage": 5
},
    "group3": {
    "name": "t > 1200 ms",
    "count": 3,
    "percentage": 3
},
    "group4": {
    "name": "failed",
    "count": 0,
    "percentage": 0
},
    "meanNumberOfRequestsPerSecond": {
        "total": 0.48743718592964824,
        "ok": 0.48743718592964824,
        "ko": 0
    }
}
    },"req_request-4-e7d1b": {
        "type": "REQUEST",
        "name": "request_4",
"path": "request_4",
"pathFormatted": "req_request-4-e7d1b",
"stats": {
    "name": "request_4",
    "numberOfRequests": {
        "total": 100,
        "ok": 53,
        "ko": 47
    },
    "minResponseTime": {
        "total": 370,
        "ok": 370,
        "ko": 60000
    },
    "maxResponseTime": {
        "total": 60001,
        "ok": 36628,
        "ko": 60001
    },
    "meanResponseTime": {
        "total": 33717,
        "ok": 10409,
        "ko": 60000
    },
    "standardDeviation": {
        "total": 25948,
        "ok": 10700,
        "ko": 0
    },
    "percentiles1": {
        "total": 35560,
        "ok": 6457,
        "ko": 60000
    },
    "percentiles2": {
        "total": 60000,
        "ok": 16428,
        "ko": 60001
    },
    "percentiles3": {
        "total": 60001,
        "ok": 35524,
        "ko": 60001
    },
    "percentiles4": {
        "total": 60001,
        "ok": 36315,
        "ko": 60001
    },
    "group1": {
    "name": "t < 800 ms",
    "count": 5,
    "percentage": 5
},
    "group2": {
    "name": "800 ms < t < 1200 ms",
    "count": 2,
    "percentage": 2
},
    "group3": {
    "name": "t > 1200 ms",
    "count": 46,
    "percentage": 46
},
    "group4": {
    "name": "failed",
    "count": 47,
    "percentage": 47
},
    "meanNumberOfRequestsPerSecond": {
        "total": 0.5025125628140703,
        "ok": 0.2663316582914573,
        "ko": 0.23618090452261306
    }
}
    },"req_request-5-48829": {
        "type": "REQUEST",
        "name": "request_5",
"path": "request_5",
"pathFormatted": "req_request-5-48829",
"stats": {
    "name": "request_5",
    "numberOfRequests": {
        "total": 53,
        "ok": 53,
        "ko": 0
    },
    "minResponseTime": {
        "total": 170,
        "ok": 170,
        "ko": 0
    },
    "maxResponseTime": {
        "total": 3932,
        "ok": 3932,
        "ko": 0
    },
    "meanResponseTime": {
        "total": 877,
        "ok": 877,
        "ko": 0
    },
    "standardDeviation": {
        "total": 906,
        "ok": 906,
        "ko": 0
    },
    "percentiles1": {
        "total": 593,
        "ok": 593,
        "ko": 0
    },
    "percentiles2": {
        "total": 1255,
        "ok": 1255,
        "ko": 0
    },
    "percentiles3": {
        "total": 2674,
        "ok": 2674,
        "ko": 0
    },
    "percentiles4": {
        "total": 3908,
        "ok": 3908,
        "ko": 0
    },
    "group1": {
    "name": "t < 800 ms",
    "count": 33,
    "percentage": 62
},
    "group2": {
    "name": "800 ms < t < 1200 ms",
    "count": 6,
    "percentage": 11
},
    "group3": {
    "name": "t > 1200 ms",
    "count": 14,
    "percentage": 26
},
    "group4": {
    "name": "failed",
    "count": 0,
    "percentage": 0
},
    "meanNumberOfRequestsPerSecond": {
        "total": 0.2663316582914573,
        "ok": 0.2663316582914573,
        "ko": 0
    }
}
    },"req_request-6-027a9": {
        "type": "REQUEST",
        "name": "request_6",
"path": "request_6",
"pathFormatted": "req_request-6-027a9",
"stats": {
    "name": "request_6",
    "numberOfRequests": {
        "total": 53,
        "ok": 53,
        "ko": 0
    },
    "minResponseTime": {
        "total": 309,
        "ok": 309,
        "ko": 0
    },
    "maxResponseTime": {
        "total": 4305,
        "ok": 4305,
        "ko": 0
    },
    "meanResponseTime": {
        "total": 1246,
        "ok": 1246,
        "ko": 0
    },
    "standardDeviation": {
        "total": 1053,
        "ok": 1053,
        "ko": 0
    },
    "percentiles1": {
        "total": 783,
        "ok": 783,
        "ko": 0
    },
    "percentiles2": {
        "total": 1560,
        "ok": 1560,
        "ko": 0
    },
    "percentiles3": {
        "total": 3858,
        "ok": 3858,
        "ko": 0
    },
    "percentiles4": {
        "total": 4218,
        "ok": 4218,
        "ko": 0
    },
    "group1": {
    "name": "t < 800 ms",
    "count": 27,
    "percentage": 51
},
    "group2": {
    "name": "800 ms < t < 1200 ms",
    "count": 6,
    "percentage": 11
},
    "group3": {
    "name": "t > 1200 ms",
    "count": 20,
    "percentage": 38
},
    "group4": {
    "name": "failed",
    "count": 0,
    "percentage": 0
},
    "meanNumberOfRequestsPerSecond": {
        "total": 0.2663316582914573,
        "ok": 0.2663316582914573,
        "ko": 0
    }
}
    },"req_request-7-f222f": {
        "type": "REQUEST",
        "name": "request_7",
"path": "request_7",
"pathFormatted": "req_request-7-f222f",
"stats": {
    "name": "request_7",
    "numberOfRequests": {
        "total": 100,
        "ok": 81,
        "ko": 19
    },
    "minResponseTime": {
        "total": 162,
        "ok": 162,
        "ko": 60000
    },
    "maxResponseTime": {
        "total": 60001,
        "ok": 34814,
        "ko": 60001
    },
    "meanResponseTime": {
        "total": 14455,
        "ok": 3771,
        "ko": 60000
    },
    "standardDeviation": {
        "total": 22972,
        "ok": 7125,
        "ko": 0
    },
    "percentiles1": {
        "total": 2288,
        "ok": 945,
        "ko": 60000
    },
    "percentiles2": {
        "total": 12447,
        "ok": 3307,
        "ko": 60001
    },
    "percentiles3": {
        "total": 60001,
        "ok": 18715,
        "ko": 60001
    },
    "percentiles4": {
        "total": 60001,
        "ok": 34730,
        "ko": 60001
    },
    "group1": {
    "name": "t < 800 ms",
    "count": 39,
    "percentage": 39
},
    "group2": {
    "name": "800 ms < t < 1200 ms",
    "count": 2,
    "percentage": 2
},
    "group3": {
    "name": "t > 1200 ms",
    "count": 40,
    "percentage": 40
},
    "group4": {
    "name": "failed",
    "count": 19,
    "percentage": 19
},
    "meanNumberOfRequestsPerSecond": {
        "total": 0.5025125628140703,
        "ok": 0.40703517587939697,
        "ko": 0.09547738693467336
    }
}
    },"req_request-9-d127e": {
        "type": "REQUEST",
        "name": "request_9",
"path": "request_9",
"pathFormatted": "req_request-9-d127e",
"stats": {
    "name": "request_9",
    "numberOfRequests": {
        "total": 81,
        "ok": 81,
        "ko": 0
    },
    "minResponseTime": {
        "total": 238,
        "ok": 238,
        "ko": 0
    },
    "maxResponseTime": {
        "total": 2162,
        "ok": 2162,
        "ko": 0
    },
    "meanResponseTime": {
        "total": 561,
        "ok": 561,
        "ko": 0
    },
    "standardDeviation": {
        "total": 426,
        "ok": 426,
        "ko": 0
    },
    "percentiles1": {
        "total": 406,
        "ok": 406,
        "ko": 0
    },
    "percentiles2": {
        "total": 645,
        "ok": 645,
        "ko": 0
    },
    "percentiles3": {
        "total": 1482,
        "ok": 1482,
        "ko": 0
    },
    "percentiles4": {
        "total": 2072,
        "ok": 2072,
        "ko": 0
    },
    "group1": {
    "name": "t < 800 ms",
    "count": 66,
    "percentage": 81
},
    "group2": {
    "name": "800 ms < t < 1200 ms",
    "count": 7,
    "percentage": 9
},
    "group3": {
    "name": "t > 1200 ms",
    "count": 8,
    "percentage": 10
},
    "group4": {
    "name": "failed",
    "count": 0,
    "percentage": 0
},
    "meanNumberOfRequestsPerSecond": {
        "total": 0.40703517587939697,
        "ok": 0.40703517587939697,
        "ko": 0
    }
}
    },"req_request-8-ef0c8": {
        "type": "REQUEST",
        "name": "request_8",
"path": "request_8",
"pathFormatted": "req_request-8-ef0c8",
"stats": {
    "name": "request_8",
    "numberOfRequests": {
        "total": 81,
        "ok": 81,
        "ko": 0
    },
    "minResponseTime": {
        "total": 173,
        "ok": 173,
        "ko": 0
    },
    "maxResponseTime": {
        "total": 2018,
        "ok": 2018,
        "ko": 0
    },
    "meanResponseTime": {
        "total": 473,
        "ok": 473,
        "ko": 0
    },
    "standardDeviation": {
        "total": 407,
        "ok": 407,
        "ko": 0
    },
    "percentiles1": {
        "total": 279,
        "ok": 279,
        "ko": 0
    },
    "percentiles2": {
        "total": 538,
        "ok": 538,
        "ko": 0
    },
    "percentiles3": {
        "total": 1482,
        "ok": 1482,
        "ko": 0
    },
    "percentiles4": {
        "total": 1937,
        "ok": 1937,
        "ko": 0
    },
    "group1": {
    "name": "t < 800 ms",
    "count": 68,
    "percentage": 84
},
    "group2": {
    "name": "800 ms < t < 1200 ms",
    "count": 7,
    "percentage": 9
},
    "group3": {
    "name": "t > 1200 ms",
    "count": 6,
    "percentage": 7
},
    "group4": {
    "name": "failed",
    "count": 0,
    "percentage": 0
},
    "meanNumberOfRequestsPerSecond": {
        "total": 0.40703517587939697,
        "ok": 0.40703517587939697,
        "ko": 0
    }
}
    }
}

}